,year_month,variable,value
0,2016-08-01,avg_total_fare,14.88247
1,2017-02-01,avg_total_fare,13.838128
2,2015-04-01,avg_total_fare,14.772317
3,2022-03-01,avg_total_fare,17.898911
4,2016-09-01,avg_total_fare,14.937858
5,2017-09-01,avg_total_fare,14.905314
6,2014-04-01,avg_total_fare,14.343971
7,2018-10-01,avg_total_fare,17.727293
8,2022-01-01,avg_total_fare,17.0175
9,2015-08-01,avg_total_fare,14.946336
10,2018-08-01,avg_total_fare,16.762482
11,2019-02-01,avg_total_fare,18.973919
12,2021-10-01,avg_total_fare,24.00305
13,2016-10-01,avg_total_fare,14.633175
14,2014-02-01,avg_total_fare,13.916957
15,2014-09-01,avg_total_fare,14.931663
16,2021-04-01,avg_total_fare,24.34937
17,2018-07-01,avg_total_fare,16.1541
18,2019-01-01,avg_total_fare,18.175305
19,2015-10-01,avg_total_fare,14.92293
20,2020-04-01,avg_total_fare,19.661452
21,2016-03-01,avg_total_fare,14.504308
22,2016-05-01,avg_total_fare,15.105506
23,2020-01-01,avg_total_fare,18.91082
24,2017-06-01,avg_total_fare,14.556103
25,2021-02-01,avg_total_fare,23.674299
26,2021-03-01,avg_total_fare,23.934346
27,2016-12-01,avg_total_fare,14.022513
28,2015-09-01,avg_total_fare,15.072653
29,2014-06-01,avg_total_fare,14.956248
30,2017-10-01,avg_total_fare,14.645904
31,2020-05-01,avg_total_fare,21.477673
32,2021-06-01,avg_total_fare,23.735248
33,2017-12-01,avg_total_fare,14.227585
34,2015-12-01,avg_total_fare,14.695491
35,2014-01-01,avg_total_fare,13.790322
36,2014-08-01,avg_total_fare,14.863489
37,2018-06-01,avg_total_fare,16.345665
38,2019-10-01,avg_total_fare,18.985538
39,2020-03-01,avg_total_fare,16.721427
40,2020-10-01,avg_total_fare,23.344772
41,2016-02-01,avg_total_fare,14.239307
42,2020-11-01,avg_total_fare,23.520577
43,2014-07-01,avg_total_fare,14.747527
44,2015-06-01,avg_total_fare,14.922015
45,2020-06-01,avg_total_fare,23.150917
46,2018-02-01,avg_total_fare,14.224988
47,2019-06-01,avg_total_fare,17.468165
48,2018-03-01,avg_total_fare,14.995016
49,2017-08-01,avg_total_fare,14.558566
50,2014-12-01,avg_total_fare,14.355913
51,2020-02-01,avg_total_fare,18.562209
52,2020-08-01,avg_total_fare,24.86241
53,2015-03-01,avg_total_fare,14.50177
54,2021-12-01,avg_total_fare,22.968048
55,2017-11-01,avg_total_fare,14.42706
56,2016-01-01,avg_total_fare,14.392196
57,2018-09-01,avg_total_fare,17.412301
58,2016-11-01,avg_total_fare,14.289435
59,2020-12-01,avg_total_fare,23.478324
60,2021-01-01,avg_total_fare,23.734883
61,2018-04-01,avg_total_fare,15.561004
62,2020-07-01,avg_total_fare,24.397615
63,2014-03-01,avg_total_fare,14.019645
64,2019-11-01,avg_total_fare,18.239151
65,2020-09-01,avg_total_fare,23.721908
66,2017-07-01,avg_total_fare,14.527526
67,2017-03-01,avg_total_fare,13.85311
68,2014-05-01,avg_total_fare,14.957756
69,2014-10-01,avg_total_fare,14.705951
70,2018-12-01,avg_total_fare,18.003894
71,2019-05-01,avg_total_fare,18.140037
72,2021-09-01,avg_total_fare,25.394882
73,2017-01-01,avg_total_fare,13.668403
74,2018-01-01,avg_total_fare,14.066425
75,2014-11-01,avg_total_fare,14.458933
76,2021-11-01,avg_total_fare,23.830288
77,2019-03-01,avg_total_fare,18.693677
78,2019-08-01,avg_total_fare,18.075848
79,2015-02-01,avg_total_fare,14.424163
80,2016-06-01,avg_total_fare,15.094879
81,2015-07-01,avg_total_fare,14.896497
82,2018-11-01,avg_total_fare,17.611584
83,2019-04-01,avg_total_fare,18.484009
84,2015-05-01,avg_total_fare,15.211025
85,2016-07-01,avg_total_fare,14.966186
86,2022-02-01,avg_total_fare,17.358804
87,2021-08-01,avg_total_fare,24.696536
88,2021-05-01,avg_total_fare,23.90386
89,2019-09-01,avg_total_fare,18.536731
90,2017-05-01,avg_total_fare,14.404716
91,2015-01-01,avg_total_fare,14.101279
92,2016-04-01,avg_total_fare,14.772503
93,2017-04-01,avg_total_fare,14.145737
94,2019-07-01,avg_total_fare,17.295856
95,2019-12-01,avg_total_fare,18.603478
96,2021-07-01,avg_total_fare,24.393534
97,2015-11-01,avg_total_fare,14.722146
98,2018-05-01,avg_total_fare,16.199746
99,2016-08-01,sum_total_fare,18227305.67
100,2017-02-01,sum_total_fare,13914777.75
101,2015-04-01,sum_total_fare,24128231.11
102,2022-03-01,sum_total_fare,1322675.87
103,2016-09-01,sum_total_fare,17063903.75
104,2017-09-01,sum_total_fare,12968339.23
105,2014-04-01,sum_total_fare,18431372.85
106,2018-10-01,sum_total_fare,12776308.47
107,2022-01-01,sum_total_fare,998535.88
108,2015-08-01,sum_total_fare,22513771.4
109,2018-08-01,sum_total_fare,11156890.7
110,2019-02-01,sum_total_fare,11437971.85
111,2021-10-01,sum_total_fare,2546099.6
112,2016-10-01,sum_total_fare,18037027.17
113,2014-02-01,sum_total_fare,13659591.63
114,2014-09-01,sum_total_fare,20000455.46
115,2021-04-01,sum_total_fare,2021362.99
116,2018-07-01,sum_total_fare,10892758.23
117,2019-01-01,sum_total_fare,11970837.5
118,2015-10-01,sum_total_fare,23918905.39
119,2020-04-01,sum_total_fare,664006.58
120,2016-03-01,sum_total_fare,22485114.95
121,2016-05-01,sum_total_fare,22833378.29
122,2020-01-01,sum_total_fare,8115559.67
123,2017-06-01,sum_total_fare,13992796.69
124,2021-02-01,sum_total_fare,1476731.77
125,2021-03-01,sum_total_fare,1935929.61
126,2016-12-01,sum_total_fare,16887088.23
127,2015-09-01,sum_total_fare,22140733.38
128,2014-06-01,sum_total_fare,19682378.79
129,2017-10-01,sum_total_fare,13365236.94
130,2020-05-01,sum_total_fare,1176675.8
131,2021-06-01,sum_total_fare,1963569.67
132,2017-12-01,sum_total_fare,12698433.49
133,2015-12-01,sum_total_fare,23223755.59
134,2014-01-01,sum_total_fare,10768559.33
135,2014-08-01,sum_total_fare,19638979.41
136,2018-06-01,sum_total_fare,11894740.45
137,2019-10-01,sum_total_fare,8763819.54
138,2020-03-01,sum_total_fare,3589889.92
139,2020-10-01,sum_total_fare,2124491.01
140,2016-02-01,sum_total_fare,21162986.03
141,2020-11-01,sum_total_fare,2004211.9
142,2014-07-01,sum_total_fare,18475318.45
143,2015-06-01,sum_total_fare,24022222.01
144,2020-06-01,sum_total_fare,1388823.56
145,2018-02-01,sum_total_fare,10796154.57
146,2019-06-01,sum_total_fare,8647929.98
147,2018-03-01,sum_total_fare,12363015.85
148,2017-08-01,sum_total_fare,12439887.37
149,2014-12-01,sum_total_fare,23177751.2
150,2020-02-01,sum_total_fare,7129002.22
151,2020-08-01,sum_total_fare,1910004.95
152,2015-03-01,sum_total_fare,24512052.58
153,2021-12-01,sum_total_fare,2195883.21
154,2017-11-01,sum_total_fare,12425407.0
155,2016-01-01,sum_total_fare,20430198.47
156,2018-09-01,sum_total_fare,11704671.09
157,2016-11-01,sum_total_fare,16130157.31
158,2020-12-01,sum_total_fare,1891108.57
159,2021-01-01,sum_total_fare,1751064.78
160,2018-04-01,sum_total_fare,12256267.66
161,2020-07-01,sum_total_fare,1662892.68
162,2014-03-01,sum_total_fare,17764012.55
163,2019-11-01,sum_total_fare,7637918.35
164,2020-09-01,sum_total_fare,1994205.98
165,2017-07-01,sum_total_fare,13082226.72
166,2017-03-01,sum_total_fare,15793668.39
167,2014-05-01,sum_total_fare,20913785.54
168,2014-10-01,sum_total_fare,21555424.17
169,2018-12-01,sum_total_fare,12721264.03
170,2019-05-01,sum_total_fare,9691695.85
171,2021-09-01,sum_total_fare,2322133.44
172,2017-01-01,sum_total_fare,14387853.77
173,2018-01-01,sum_total_fare,10978887.19
174,2014-11-01,sum_total_fare,21983623.11
175,2021-11-01,sum_total_fare,2477968.75
176,2019-03-01,sum_total_fare,11775839.36
177,2019-08-01,sum_total_fare,7842243.08
178,2015-02-01,sum_total_fare,22312219.19
179,2016-06-01,sum_total_fare,20839659.22
180,2015-07-01,sum_total_fare,22564081.78
181,2018-11-01,sum_total_fare,11675758.12
182,2019-04-01,sum_total_fare,10283412.18
183,2015-05-01,sum_total_fare,26681142.02
184,2016-07-01,sum_total_fare,19578510.99
185,2022-02-01,sum_total_fare,1135179.0
186,2021-08-01,sum_total_fare,1975228.98
187,2021-05-01,sum_total_fare,2000442.37
188,2019-09-01,sum_total_fare,8044737.55
189,2017-05-01,sum_total_fare,15031148.7
190,2015-01-01,sum_total_fare,20869273.65
191,2016-04-01,sum_total_fare,22423346.2
192,2017-04-01,sum_total_fare,15059764.3
193,2019-07-01,sum_total_fare,7905296.02
194,2019-12-01,sum_total_fare,8131059.42
195,2021-07-01,sum_total_fare,1946750.38
196,2015-11-01,sum_total_fare,22135086.61
197,2018-05-01,sum_total_fare,12701751.08
198,2016-08-01,avg_fare_amount,12.34591
199,2017-02-01,avg_fare_amount,11.41335
200,2015-04-01,avg_fare_amount,12.31624
201,2022-03-01,avg_fare_amount,13.969966
202,2016-09-01,avg_fare_amount,12.396801
203,2017-09-01,avg_fare_amount,12.355157
204,2014-04-01,avg_fare_amount,12.352086
205,2018-10-01,avg_fare_amount,15.297613
206,2022-01-01,avg_fare_amount,13.371223
207,2015-08-01,avg_fare_amount,12.49784
208,2018-08-01,avg_fare_amount,14.376908
209,2019-02-01,avg_fare_amount,16.23495
210,2021-10-01,avg_fare_amount,20.069972
211,2016-10-01,avg_fare_amount,12.126653
212,2014-02-01,avg_fare_amount,12.062559
213,2014-09-01,avg_fare_amount,12.787095
214,2021-04-01,avg_fare_amount,20.616481
215,2018-07-01,avg_fare_amount,13.801845
216,2019-01-01,avg_fare_amount,15.817793
217,2015-10-01,avg_fare_amount,12.4072
218,2020-04-01,avg_fare_amount,16.508709
219,2016-03-01,avg_fare_amount,12.014067
220,2016-05-01,avg_fare_amount,12.530384
221,2020-01-01,avg_fare_amount,15.787892
222,2017-06-01,avg_fare_amount,12.012513
223,2021-02-01,avg_fare_amount,19.928305
224,2021-03-01,avg_fare_amount,20.271416
225,2016-12-01,avg_fare_amount,11.601048
226,2015-09-01,avg_fare_amount,12.570297
227,2014-06-01,avg_fare_amount,12.851049
228,2017-10-01,avg_fare_amount,12.219729
229,2020-05-01,avg_fare_amount,18.399736
230,2021-06-01,avg_fare_amount,19.932439
231,2017-12-01,avg_fare_amount,11.91507
232,2015-12-01,avg_fare_amount,12.193165
233,2014-01-01,avg_fare_amount,11.918427
234,2014-08-01,avg_fare_amount,12.762591
235,2018-06-01,avg_fare_amount,13.985078
236,2019-10-01,avg_fare_amount,15.731934
237,2020-03-01,avg_fare_amount,14.090789
238,2020-10-01,avg_fare_amount,19.718565
239,2016-02-01,avg_fare_amount,11.771687
240,2020-11-01,avg_fare_amount,19.837318
241,2014-07-01,avg_fare_amount,12.660274
242,2015-06-01,avg_fare_amount,12.452836
243,2020-06-01,avg_fare_amount,19.665282
244,2018-02-01,avg_fare_amount,11.935828
245,2019-06-01,avg_fare_amount,14.553456
246,2018-03-01,avg_fare_amount,12.68179
247,2017-08-01,avg_fare_amount,11.979583
248,2014-12-01,avg_fare_amount,12.248418
249,2020-02-01,avg_fare_amount,15.304628
250,2020-08-01,avg_fare_amount,21.319933
251,2015-03-01,avg_fare_amount,12.114159
252,2021-12-01,avg_fare_amount,19.092544
253,2017-11-01,avg_fare_amount,12.039797
254,2016-01-01,avg_fare_amount,11.915971
255,2018-09-01,avg_fare_amount,14.951079
256,2016-11-01,avg_fare_amount,11.839426
257,2020-12-01,avg_fare_amount,19.82733
258,2021-01-01,avg_fare_amount,20.044156
259,2018-04-01,avg_fare_amount,13.215875
260,2020-07-01,avg_fare_amount,20.882612
261,2014-03-01,avg_fare_amount,12.118668
262,2019-11-01,avg_fare_amount,15.048273
263,2020-09-01,avg_fare_amount,20.114125
264,2017-07-01,avg_fare_amount,11.962009
265,2017-03-01,avg_fare_amount,11.442055
266,2014-05-01,avg_fare_amount,12.87484
267,2014-10-01,avg_fare_amount,12.556417
268,2018-12-01,avg_fare_amount,15.595729
269,2019-05-01,avg_fare_amount,15.176053
270,2021-09-01,avg_fare_amount,21.225529
271,2017-01-01,avg_fare_amount,11.261628
272,2018-01-01,avg_fare_amount,11.783036
273,2014-11-01,avg_fare_amount,12.356918
274,2021-11-01,avg_fare_amount,19.894785
275,2019-03-01,avg_fare_amount,15.97553
276,2019-08-01,avg_fare_amount,14.981408
277,2015-02-01,avg_fare_amount,12.03906
278,2016-06-01,avg_fare_amount,12.509412
279,2015-07-01,avg_fare_amount,12.436334
280,2018-11-01,avg_fare_amount,15.210809
281,2019-04-01,avg_fare_amount,15.506407
282,2015-05-01,avg_fare_amount,12.708551
283,2016-07-01,avg_fare_amount,12.403089
284,2022-02-01,avg_fare_amount,13.577814
285,2021-08-01,avg_fare_amount,20.695209
286,2021-05-01,avg_fare_amount,20.133298
287,2019-09-01,avg_fare_amount,15.349672
288,2017-05-01,avg_fare_amount,11.903375
289,2015-01-01,avg_fare_amount,11.763073
290,2016-04-01,avg_fare_amount,12.225446
291,2017-04-01,avg_fare_amount,11.698923
292,2019-07-01,avg_fare_amount,14.344101
293,2019-12-01,avg_fare_amount,15.435533
294,2021-07-01,avg_fare_amount,20.50336
295,2015-11-01,avg_fare_amount,12.239482
296,2018-05-01,avg_fare_amount,13.835654
297,2016-08-01,sum_fare_amount,15120654.06
298,2017-02-01,sum_fare_amount,11476568.98
299,2015-04-01,sum_fare_amount,20116619.98
300,2022-03-01,sum_fare_amount,1032338.6
301,2016-09-01,sum_fare_amount,14161188.46
302,2017-09-01,sum_fare_amount,10749579.91
303,2014-04-01,sum_fare_amount,15871887.25
304,2018-10-01,sum_fare_amount,11025203.87
305,2022-01-01,sum_fare_amount,784583.27
306,2015-08-01,sum_fare_amount,18825584.92
307,2018-08-01,sum_fare_amount,9569083.58
308,2019-02-01,sum_fare_amount,9786850.27
309,2021-10-01,sum_fare_amount,2128902.28
310,2016-10-01,sum_fare_amount,14947458.29
311,2014-02-01,sum_fare_amount,11839486.2
312,2014-09-01,sum_fare_amount,17127880.28
313,2021-04-01,sum_fare_amount,1711477.24
314,2018-07-01,sum_fare_amount,9306625.86
315,2019-01-01,sum_fare_amount,10418104.77
316,2015-10-01,sum_fare_amount,19886621.13
317,2020-04-01,sum_fare_amount,557532.13
318,2016-03-01,sum_fare_amount,18624652.62
319,2016-05-01,sum_fare_amount,18940841.57
320,2020-01-01,sum_fare_amount,6775358.33
321,2017-06-01,sum_fare_amount,11547641.3
322,2021-02-01,sum_fare_amount,1243067.91
323,2021-03-01,sum_fare_amount,1639653.52
324,2016-12-01,sum_fare_amount,13970956.69
325,2015-09-01,sum_fare_amount,18464937.22
326,2014-06-01,sum_fare_amount,16911942.26
327,2017-10-01,sum_fare_amount,11151212.01
328,2020-05-01,sum_fare_amount,1008047.94
329,2021-06-01,sum_fare_amount,1648970.83
330,2017-12-01,sum_fare_amount,10634462.27
331,2015-12-01,sum_fare_amount,19269249.06
332,2014-01-01,sum_fare_amount,9306837.5
333,2014-08-01,sum_fare_amount,16863085.14
334,2018-06-01,sum_fare_amount,10176941.76
335,2019-10-01,sum_fare_amount,7261939.6
336,2020-03-01,sum_fare_amount,3025123.31
337,2020-10-01,sum_fare_amount,1794488.05
338,2016-02-01,sum_fare_amount,17495517.52
339,2020-11-01,sum_fare_amount,1690357.72
340,2014-07-01,sum_fare_amount,15860462.17
341,2015-06-01,sum_fare_amount,20047211.69
342,2020-06-01,sum_fare_amount,1179720.28
343,2018-02-01,sum_fare_amount,9058780.49
344,2019-06-01,sum_fare_amount,7204950.67
345,2018-03-01,sum_fare_amount,10455819.12
346,2017-08-01,sum_fare_amount,10236218.94
347,2014-12-01,sum_fare_amount,19775181.34
348,2020-02-01,sum_fare_amount,5877895.58
349,2020-08-01,sum_fare_amount,1637861.22
350,2015-03-01,sum_fare_amount,20476321.84
351,2021-12-01,sum_fare_amount,1825361.84
352,2017-11-01,sum_fare_amount,10369359.8
353,2016-01-01,sum_fare_amount,16915114.69
354,2018-09-01,sum_fare_amount,10050220.6
355,2016-11-01,sum_fare_amount,13364546.31
356,2020-12-01,sum_fare_amount,1597032.01
357,2021-01-01,sum_fare_amount,1478777.7
358,2018-04-01,sum_fare_amount,10409180.49
359,2020-07-01,sum_fare_amount,1423317.08
360,2014-03-01,sum_fare_amount,15355322.01
361,2019-11-01,sum_fare_amount,6301690.35
362,2020-09-01,sum_fare_amount,1690914.1
363,2017-07-01,sum_fare_amount,10771945.19
364,2017-03-01,sum_fare_amount,13044870.52
365,2014-05-01,sum_fare_amount,18001473.24
366,2014-10-01,sum_fare_amount,18404719.41
367,2018-12-01,sum_fare_amount,11019693.2
368,2019-05-01,sum_fare_amount,8108125.04
369,2021-09-01,sum_fare_amount,1940883.63
370,2017-01-01,sum_fare_amount,11854395.72
371,2018-01-01,sum_fare_amount,9196695.61
372,2014-11-01,sum_fare_amount,18787680.6
373,2021-11-01,sum_fare_amount,2068739.39
374,2019-03-01,sum_fare_amount,10063577.86
375,2019-08-01,sum_fare_amount,6499714.19
376,2015-02-01,sum_fare_amount,18622789.59
377,2016-06-01,sum_fare_amount,17270219.73
378,2015-07-01,sum_fare_amount,18837614.47
379,2018-11-01,sum_fare_amount,10084143.08
380,2019-04-01,sum_fare_amount,8626850.51
381,2015-05-01,sum_fare_amount,22291637.53
382,2016-07-01,sum_fare_amount,16225511.37
383,2022-02-01,sum_fare_amount,887921.21
384,2021-08-01,sum_fare_amount,1655202.82
385,2021-05-01,sum_fare_amount,1684895.34
386,2019-09-01,sum_fare_amount,6661589.16
387,2017-05-01,sum_fare_amount,12421029.27
388,2015-01-01,sum_fare_amount,17408831.04
389,2016-04-01,sum_fare_amount,18557139.97
390,2017-04-01,sum_fare_amount,12454849.87
391,2019-07-01,sum_fare_amount,6556158.15
392,2019-12-01,sum_fare_amount,6746439.59
393,2021-07-01,sum_fare_amount,1636291.16
394,2015-11-01,sum_fare_amount,18402343.05
395,2018-05-01,sum_fare_amount,10848135.83
396,2016-08-01,avg_extra,0.662015
397,2017-02-01,avg_extra,0.672317
398,2015-04-01,avg_extra,0.651605
399,2022-03-01,avg_extra,1.001918
400,2016-09-01,avg_extra,0.666724
401,2017-09-01,avg_extra,0.673429
402,2014-04-01,avg_extra,0.656588
403,2018-10-01,avg_extra,0.853479
404,2022-01-01,avg_extra,1.035578
405,2015-08-01,avg_extra,0.633519
406,2018-08-01,avg_extra,0.774106
407,2019-02-01,avg_extra,1.118552
408,2021-10-01,avg_extra,1.925137
409,2016-10-01,avg_extra,0.656249
410,2014-02-01,avg_extra,0.66343
411,2014-09-01,avg_extra,0.64806
412,2021-04-01,avg_extra,2.288386
413,2018-07-01,avg_extra,0.696857
414,2019-01-01,avg_extra,1.020953
415,2015-10-01,avg_extra,0.653256
416,2020-04-01,avg_extra,0.927514
417,2016-03-01,avg_extra,0.669199
418,2016-05-01,avg_extra,0.654533
419,2020-01-01,avg_extra,1.547718
420,2017-06-01,avg_extra,0.692184
421,2021-02-01,avg_extra,2.262691
422,2021-03-01,avg_extra,2.292597
423,2016-12-01,avg_extra,0.672967
424,2015-09-01,avg_extra,0.649727
425,2014-06-01,avg_extra,0.646448
426,2017-10-01,avg_extra,0.679246
427,2020-05-01,avg_extra,0.954129
428,2021-06-01,avg_extra,2.073258
429,2017-12-01,avg_extra,0.680888
430,2015-12-01,avg_extra,0.660528
431,2014-01-01,avg_extra,0.668281
432,2014-08-01,avg_extra,0.6353
433,2018-06-01,avg_extra,0.700258
434,2019-10-01,avg_extra,1.488987
435,2020-03-01,avg_extra,0.907578
436,2020-10-01,avg_extra,1.012187
437,2016-02-01,avg_extra,0.66472
438,2020-11-01,avg_extra,1.019204
439,2014-07-01,avg_extra,0.653154
440,2015-06-01,avg_extra,0.65654
441,2020-06-01,avg_extra,0.959774
442,2018-02-01,avg_extra,0.697673
443,2019-06-01,avg_extra,1.048652
444,2018-03-01,avg_extra,0.695827
445,2017-08-01,avg_extra,0.681979
446,2014-12-01,avg_extra,0.657905
447,2020-02-01,avg_extra,1.546378
448,2020-08-01,avg_extra,0.939176
449,2015-03-01,avg_extra,0.654271
450,2021-12-01,avg_extra,1.681225
451,2017-11-01,avg_extra,0.681148
452,2016-01-01,avg_extra,0.65229
453,2018-09-01,avg_extra,0.804222
454,2016-11-01,avg_extra,0.663067
455,2020-12-01,avg_extra,1.017941
456,2021-01-01,avg_extra,1.965617
457,2018-04-01,avg_extra,0.694972
458,2020-07-01,avg_extra,0.939464
459,2014-03-01,avg_extra,0.65269
460,2019-11-01,avg_extra,1.423386
461,2020-09-01,avg_extra,0.975199
462,2017-07-01,avg_extra,0.660945
463,2017-03-01,avg_extra,0.68455
464,2014-05-01,avg_extra,0.645672
465,2014-10-01,avg_extra,0.655952
466,2018-12-01,avg_extra,0.927852
467,2019-05-01,avg_extra,1.163977
468,2021-09-01,avg_extra,1.957461
469,2017-01-01,avg_extra,0.67765
470,2018-01-01,avg_extra,0.697067
471,2014-11-01,avg_extra,0.630535
472,2021-11-01,avg_extra,1.872089
473,2019-03-01,avg_extra,1.066179
474,2019-08-01,avg_extra,1.249528
475,2015-02-01,avg_extra,0.658202
476,2016-06-01,avg_extra,0.666903
477,2015-07-01,avg_extra,0.649443
478,2018-11-01,avg_extra,0.83127
479,2019-04-01,avg_extra,1.210182
480,2015-05-01,avg_extra,0.63459
481,2016-07-01,avg_extra,0.648955
482,2022-02-01,avg_extra,1.016868
483,2021-08-01,avg_extra,2.058586
484,2021-05-01,avg_extra,2.226131
485,2019-09-01,avg_extra,1.313459
486,2017-05-01,avg_extra,0.679906
487,2015-01-01,avg_extra,0.64309
488,2016-04-01,avg_extra,0.653593
489,2017-04-01,avg_extra,0.663933
490,2019-07-01,avg_extra,1.117383
491,2019-12-01,avg_extra,1.510906
492,2021-07-01,avg_extra,2.081469
493,2015-11-01,avg_extra,0.640011
494,2018-05-01,avg_extra,0.708995
495,2016-08-01,sum_extra,447912.5
496,2017-02-01,sum_extra,363779.5
497,2015-04-01,sum_extra,596843.5
498,2022-03-01,sum_extra,28336.25
499,2016-09-01,sum_extra,418262.5
500,2017-09-01,sum_extra,306772.0
501,2014-04-01,sum_extra,482291.87
502,2018-10-01,sum_extra,289963.75
503,2022-01-01,sum_extra,21539.0
504,2015-08-01,sum_extra,531579.84
505,2018-08-01,sum_extra,251230.77
506,2019-02-01,sum_extra,315610.83
507,2021-10-01,sum_extra,108002.15
508,2016-10-01,sum_extra,431062.22
509,2014-02-01,sum_extra,360798.3
510,2014-09-01,sum_extra,478090.53
511,2021-04-01,sum_extra,120964.1
512,2018-07-01,sum_extra,225931.52
513,2019-01-01,sum_extra,306388.05
514,2015-10-01,sum_extra,572740.0
515,2020-04-01,sum_extra,7851.41
516,2016-03-01,sum_extra,567098.09
517,2016-05-01,sum_extra,527744.81
518,2020-01-01,sum_extra,371494.25
519,2017-06-01,sum_extra,346585.0
520,2021-02-01,sum_extra,87493.77
521,2021-03-01,sum_extra,119478.72
522,2016-12-01,sum_extra,442282.54
523,2015-09-01,sum_extra,522185.3
524,2014-06-01,sum_extra,479283.13
525,2017-10-01,sum_extra,319638.6
526,2020-05-01,sum_extra,9699.68
527,2021-06-01,sum_extra,97101.05
528,2017-12-01,sum_extra,307735.58
529,2015-12-01,sum_extra,580750.7
530,2014-01-01,sum_extra,282296.8
531,2014-08-01,sum_extra,480382.26
532,2018-06-01,sum_extra,239067.0
533,2019-10-01,sum_extra,399968.75
534,2020-03-01,sum_extra,73808.8
535,2020-10-01,sum_extra,19496.75
536,2016-02-01,sum_extra,525808.5
537,2020-11-01,sum_extra,17115.5
538,2014-07-01,sum_extra,454319.56
539,2015-06-01,sum_extra,580648.06
540,2020-06-01,sum_extra,13074.05
541,2018-02-01,sum_extra,258067.85
542,2019-06-01,sum_extra,252440.0
543,2018-03-01,sum_extra,282503.0
544,2017-08-01,sum_extra,313384.4
545,2014-12-01,sum_extra,600445.05
546,2020-02-01,sum_extra,353437.1
547,2020-08-01,sum_extra,15851.42
548,2015-03-01,sum_extra,611537.52
549,2021-12-01,sum_extra,78419.1
550,2017-11-01,sum_extra,289991.0
551,2016-01-01,sum_extra,499984.2
552,2018-09-01,sum_extra,252743.75
553,2016-11-01,sum_extra,389563.3
554,2020-12-01,sum_extra,16978.25
555,2021-01-01,sum_extra,55923.77
556,2018-04-01,sum_extra,267311.32
557,2020-07-01,sum_extra,14783.42
558,2014-03-01,sum_extra,459149.57
559,2019-11-01,sum_extra,333547.75
560,2020-09-01,sum_extra,17507.75
561,2017-07-01,sum_extra,317170.35
562,2017-03-01,sum_extra,425119.28
563,2014-05-01,sum_extra,506181.48
564,2014-10-01,sum_extra,537538.02
565,2018-12-01,sum_extra,309290.47
566,2019-05-01,sum_extra,310623.75
567,2021-09-01,sum_extra,95858.85
568,2017-01-01,sum_extra,381317.99
569,2018-01-01,sum_extra,268054.5
570,2014-11-01,sum_extra,509279.64
571,2021-11-01,sum_extra,101130.25
572,2019-03-01,sum_extra,312084.5
573,2019-08-01,sum_extra,297903.8
574,2015-02-01,sum_extra,554961.7
575,2016-06-01,sum_extra,488887.12
576,2015-07-01,sum_extra,542810.33
577,2018-11-01,sum_extra,244967.97
578,2019-04-01,sum_extra,356333.25
579,2015-05-01,sum_extra,613189.14
580,2016-07-01,sum_extra,458063.9
581,2022-02-01,sum_extra,24474.0
582,2021-08-01,sum_extra,92525.25
583,2021-05-01,sum_extra,109979.8
584,2019-09-01,sum_extra,311870.54
585,2017-05-01,sum_extra,372865.52
586,2015-01-01,sum_extra,521679.0
587,2016-04-01,sum_extra,543460.11
588,2017-04-01,sum_extra,378682.5
589,2019-07-01,sum_extra,266467.0
590,2019-12-01,sum_extra,388695.8
591,2021-07-01,sum_extra,94532.0
592,2015-11-01,sum_extra,506717.64
593,2018-05-01,sum_extra,261208.0
594,2016-08-01,mta_tax,0.5
595,2017-02-01,mta_tax,0.5
596,2015-04-01,mta_tax,0.5
597,2022-03-01,mta_tax,0.5
598,2016-09-01,mta_tax,0.5
599,2017-09-01,mta_tax,0.5
600,2014-04-01,mta_tax,0.5
601,2018-10-01,mta_tax,0.5
602,2022-01-01,mta_tax,0.5
603,2015-08-01,mta_tax,0.5
604,2018-08-01,mta_tax,0.5
605,2019-02-01,mta_tax,0.5
606,2021-10-01,mta_tax,0.5
607,2016-10-01,mta_tax,0.5
608,2014-02-01,mta_tax,0.5
609,2014-09-01,mta_tax,0.5
610,2021-04-01,mta_tax,0.5
611,2018-07-01,mta_tax,0.5
612,2019-01-01,mta_tax,0.5
613,2015-10-01,mta_tax,0.5
614,2020-04-01,mta_tax,0.5
615,2016-03-01,mta_tax,0.5
616,2016-05-01,mta_tax,0.5
617,2020-01-01,mta_tax,0.5
618,2017-06-01,mta_tax,0.5
619,2021-02-01,mta_tax,0.5
620,2021-03-01,mta_tax,0.5
621,2016-12-01,mta_tax,0.5
622,2015-09-01,mta_tax,0.5
623,2014-06-01,mta_tax,0.5
624,2017-10-01,mta_tax,0.5
625,2020-05-01,mta_tax,0.5
626,2021-06-01,mta_tax,0.5
627,2017-12-01,mta_tax,0.5
628,2015-12-01,mta_tax,0.5
629,2014-01-01,mta_tax,0.5
630,2014-08-01,mta_tax,0.5
631,2018-06-01,mta_tax,0.5
632,2019-10-01,mta_tax,0.5
633,2020-03-01,mta_tax,0.5
634,2020-10-01,mta_tax,0.5
635,2016-02-01,mta_tax,0.5
636,2020-11-01,mta_tax,0.5
637,2014-07-01,mta_tax,0.5
638,2015-06-01,mta_tax,0.5
639,2020-06-01,mta_tax,0.5
640,2018-02-01,mta_tax,0.5
641,2019-06-01,mta_tax,0.5
642,2018-03-01,mta_tax,0.5
643,2017-08-01,mta_tax,0.5
644,2014-12-01,mta_tax,0.5
645,2020-02-01,mta_tax,0.5
646,2020-08-01,mta_tax,0.5
647,2015-03-01,mta_tax,0.5
648,2021-12-01,mta_tax,0.5
649,2017-11-01,mta_tax,0.5
650,2016-01-01,mta_tax,0.5
651,2018-09-01,mta_tax,0.5
652,2016-11-01,mta_tax,0.5
653,2020-12-01,mta_tax,0.5
654,2021-01-01,mta_tax,0.5
655,2018-04-01,mta_tax,0.5
656,2020-07-01,mta_tax,0.5
657,2014-03-01,mta_tax,0.5
658,2019-11-01,mta_tax,0.5
659,2020-09-01,mta_tax,0.5
660,2017-07-01,mta_tax,0.5
661,2017-03-01,mta_tax,0.5
662,2014-05-01,mta_tax,0.5
663,2014-10-01,mta_tax,0.5
664,2018-12-01,mta_tax,0.5
665,2019-05-01,mta_tax,0.5
666,2021-09-01,mta_tax,0.5
667,2017-01-01,mta_tax,0.5
668,2018-01-01,mta_tax,0.5
669,2014-11-01,mta_tax,0.5
670,2021-11-01,mta_tax,0.5
671,2019-03-01,mta_tax,0.5
672,2019-08-01,mta_tax,0.5
673,2015-02-01,mta_tax,0.5
674,2016-06-01,mta_tax,0.5
675,2015-07-01,mta_tax,0.5
676,2018-11-01,mta_tax,0.5
677,2019-04-01,mta_tax,0.5
678,2015-05-01,mta_tax,0.5
679,2016-07-01,mta_tax,0.5
680,2022-02-01,mta_tax,0.5
681,2021-08-01,mta_tax,0.5
682,2021-05-01,mta_tax,0.5
683,2019-09-01,mta_tax,0.5
684,2017-05-01,mta_tax,0.5
685,2015-01-01,mta_tax,0.5
686,2016-04-01,mta_tax,0.5
687,2017-04-01,mta_tax,0.5
688,2019-07-01,mta_tax,0.5
689,2019-12-01,mta_tax,0.5
690,2021-07-01,mta_tax,0.5
691,2015-11-01,mta_tax,0.5
692,2018-05-01,mta_tax,0.5
693,2016-08-01,total_mta_tax,602913.9
694,2017-02-01,total_mta_tax,495607.5
695,2015-04-01,total_mta_tax,802114.54
696,2022-03-01,total_mta_tax,32023.1
697,2016-09-01,total_mta_tax,562516.5
698,2017-09-01,total_mta_tax,428958.0
699,2014-04-01,total_mta_tax,632707.5
700,2018-10-01,total_mta_tax,356448.5
701,2022-01-01,total_mta_tax,25471.5
702,2015-08-01,total_mta_tax,740295.5
703,2018-08-01,total_mta_tax,328508.5
704,2019-02-01,total_mta_tax,297936.1
705,2021-10-01,total_mta_tax,34150.0
706,2016-10-01,total_mta_tax,607191.0
707,2014-02-01,total_mta_tax,485107.0
708,2014-09-01,total_mta_tax,660335.5
709,2021-04-01,total_mta_tax,20822.5
710,2018-07-01,total_mta_tax,333075.5
711,2019-01-01,total_mta_tax,325759.3
712,2015-10-01,total_mta_tax,789097.5
713,2020-04-01,total_mta_tax,11278.0
714,2016-03-01,total_mta_tax,762774.88
715,2016-05-01,total_mta_tax,744054.5
716,2020-01-01,total_mta_tax,167714.7
717,2017-06-01,total_mta_tax,474373.0
718,2021-02-01,total_mta_tax,16582.5
719,2021-03-01,total_mta_tax,20128.1
720,2016-12-01,total_mta_tax,593770.0
721,2015-09-01,total_mta_tax,722501.5
722,2014-06-01,total_mta_tax,648710.5
723,2017-10-01,total_mta_tax,450105.33
724,2020-05-01,total_mta_tax,14402.55
725,2021-06-01,total_mta_tax,25084.05
726,2017-12-01,total_mta_tax,440525.5
727,2015-12-01,total_mta_tax,777944.0
728,2014-01-01,total_mta_tax,385305.5
729,2014-08-01,total_mta_tax,650837.0
730,2018-06-01,total_mta_tax,359483.5
731,2019-10-01,total_mta_tax,227246.5
732,2020-03-01,total_mta_tax,83559.55
733,2020-10-01,total_mta_tax,24101.0
734,2016-02-01,total_mta_tax,732014.5
735,2020-11-01,total_mta_tax,22388.0
736,2014-07-01,total_mta_tax,617465.0
737,2015-06-01,total_mta_tax,790920.5
738,2020-06-01,total_mta_tax,17422.05
739,2018-02-01,total_mta_tax,374613.2
740,2019-06-01,total_mta_tax,243800.1
741,2018-03-01,total_mta_tax,407054.0
742,2017-08-01,total_mta_tax,421184.5
743,2014-12-01,total_mta_tax,795269.0
744,2020-02-01,total_mta_tax,155171.5
745,2020-08-01,total_mta_tax,21188.5
746,2015-03-01,total_mta_tax,830565.0
747,2021-12-01,total_mta_tax,34457.05
748,2017-11-01,total_mta_tax,425064.5
749,2016-01-01,total_mta_tax,698546.5
750,2018-09-01,total_mta_tax,331984.0
751,2016-11-01,total_mta_tax,556295.2
752,2020-12-01,total_mta_tax,21640.5
753,2021-01-01,total_mta_tax,18772.5
754,2018-04-01,total_mta_tax,389097.0
755,2020-07-01,total_mta_tax,19470.5
756,2014-03-01,total_mta_tax,625643.0
757,2019-11-01,total_mta_tax,205981.6
758,2020-09-01,total_mta_tax,22351.5
759,2017-07-01,total_mta_tax,444139.0
760,2017-03-01,total_mta_tax,562096.5
761,2014-05-01,total_mta_tax,689383.5
762,2014-10-01,total_mta_tax,722263.5
763,2018-12-01,total_mta_tax,349446.08
764,2019-05-01,total_mta_tax,263430.85
765,2021-09-01,total_mta_tax,27857.5
766,2017-01-01,total_mta_tax,519000.81
767,2018-01-01,total_mta_tax,385006.0
768,2014-11-01,total_mta_tax,749624.5
769,2021-11-01,total_mta_tax,34496.5
770,2019-03-01,total_mta_tax,311060.15
771,2019-08-01,total_mta_tax,213323.7
772,2015-02-01,total_mta_tax,760967.5
773,2016-06-01,total_mta_tax,679771.5
774,2015-07-01,total_mta_tax,743837.5
775,2018-11-01,total_mta_tax,327982.58
776,2019-04-01,total_mta_tax,274660.6
777,2015-05-01,total_mta_tax,861987.25
778,2016-07-01,total_mta_tax,644070.0
779,2022-02-01,total_mta_tax,28159.15
780,2021-08-01,total_mta_tax,23237.0
781,2021-05-01,total_mta_tax,22971.05
782,2019-09-01,total_mta_tax,213264.15
783,2017-05-01,total_mta_tax,515172.0
784,2015-01-01,total_mta_tax,728411.0
785,2016-04-01,total_mta_tax,747483.5
786,2017-04-01,total_mta_tax,525484.0
787,2019-07-01,total_mta_tax,225083.1
788,2019-12-01,total_mta_tax,192259.1
789,2021-07-01,total_mta_tax,23569.5
790,2015-11-01,total_mta_tax,739886.0
791,2018-05-01,total_mta_tax,387407.0
792,2016-08-01,avg_tip_amount,2.958087
793,2017-02-01,avg_tip_amount,2.7154
794,2015-04-01,avg_tip_amount,3.035734
795,2022-03-01,avg_tip_amount,3.295351
796,2016-09-01,avg_tip_amount,2.940677
797,2017-09-01,avg_tip_amount,2.851251
798,2014-04-01,avg_tip_amount,2.965357
799,2018-10-01,avg_tip_amount,2.788835
800,2022-01-01,avg_tip_amount,3.067742
801,2015-08-01,avg_tip_amount,3.032743
802,2018-08-01,avg_tip_amount,2.823962
803,2019-02-01,avg_tip_amount,2.651136
804,2021-10-01,avg_tip_amount,3.381869
805,2016-10-01,avg_tip_amount,2.849865
806,2014-02-01,avg_tip_amount,2.922657
807,2014-09-01,avg_tip_amount,3.036644
808,2021-04-01,avg_tip_amount,3.308653
809,2018-07-01,avg_tip_amount,2.792886
810,2019-01-01,avg_tip_amount,2.512359
811,2015-10-01,avg_tip_amount,2.971373
812,2020-04-01,avg_tip_amount,2.86566
813,2016-03-01,avg_tip_amount,2.90478
814,2016-05-01,avg_tip_amount,3.014827
815,2020-01-01,avg_tip_amount,2.690893
816,2017-06-01,avg_tip_amount,2.832488
817,2021-02-01,avg_tip_amount,3.165547
818,2021-03-01,avg_tip_amount,3.210701
819,2016-12-01,avg_tip_amount,2.777642
820,2015-09-01,avg_tip_amount,3.031744
821,2014-06-01,avg_tip_amount,3.089572
822,2017-10-01,avg_tip_amount,2.759689
823,2020-05-01,avg_tip_amount,2.784523
824,2021-06-01,avg_tip_amount,3.26205
825,2017-12-01,avg_tip_amount,2.68018
826,2015-12-01,avg_tip_amount,2.994847
827,2014-01-01,avg_tip_amount,2.898267
828,2014-08-01,avg_tip_amount,3.033775
829,2018-06-01,avg_tip_amount,2.822441
830,2019-10-01,avg_tip_amount,2.798238
831,2020-03-01,avg_tip_amount,2.720225
832,2020-10-01,avg_tip_amount,2.829983
833,2016-02-01,avg_tip_amount,2.838448
834,2020-11-01,avg_tip_amount,2.842419
835,2014-07-01,avg_tip_amount,3.034962
836,2015-06-01,avg_tip_amount,3.066706
837,2020-06-01,avg_tip_amount,2.813176
838,2018-02-01,avg_tip_amount,2.599442
839,2019-06-01,avg_tip_amount,2.86091
840,2018-03-01,avg_tip_amount,2.662763
841,2017-08-01,avg_tip_amount,2.782228
842,2014-12-01,avg_tip_amount,2.969401
843,2020-02-01,avg_tip_amount,2.700657
844,2020-08-01,avg_tip_amount,2.834366
845,2015-03-01,avg_tip_amount,2.993794
846,2021-12-01,avg_tip_amount,3.354787
847,2017-11-01,avg_tip_amount,2.692145
848,2016-01-01,avg_tip_amount,2.903536
849,2018-09-01,avg_tip_amount,2.884668
850,2016-11-01,avg_tip_amount,2.79493
851,2020-12-01,avg_tip_amount,2.803938
852,2021-01-01,avg_tip_amount,2.801314
853,2018-04-01,avg_tip_amount,2.699122
854,2020-07-01,avg_tip_amount,2.809223
855,2014-03-01,avg_tip_amount,2.925447
856,2019-11-01,avg_tip_amount,2.752135
857,2020-09-01,avg_tip_amount,2.810897
858,2017-07-01,avg_tip_amount,2.793399
859,2017-03-01,avg_tip_amount,2.7128
860,2014-05-01,avg_tip_amount,3.08389
861,2014-10-01,avg_tip_amount,2.963584
862,2018-12-01,avg_tip_amount,2.701579
863,2019-05-01,avg_tip_amount,2.815777
864,2021-09-01,avg_tip_amount,3.763773
865,2017-01-01,avg_tip_amount,2.656013
866,2018-01-01,avg_tip_amount,2.593319
867,2014-11-01,avg_tip_amount,2.916405
868,2021-11-01,avg_tip_amount,3.363779
869,2019-03-01,avg_tip_amount,2.703732
870,2019-08-01,avg_tip_amount,2.910469
871,2015-02-01,avg_tip_amount,2.970115
872,2016-06-01,avg_tip_amount,3.046849
873,2015-07-01,avg_tip_amount,3.052425
874,2018-11-01,avg_tip_amount,2.758404
875,2019-04-01,avg_tip_amount,2.756197
876,2015-05-01,avg_tip_amount,3.136474
877,2016-07-01,avg_tip_amount,2.97653
878,2022-02-01,avg_tip_amount,3.181434
879,2021-08-01,avg_tip_amount,3.462632
880,2021-05-01,avg_tip_amount,3.239321
881,2019-09-01,avg_tip_amount,2.945253
882,2017-05-01,avg_tip_amount,2.810325
883,2015-01-01,avg_tip_amount,2.825848
884,2016-04-01,avg_tip_amount,2.925939
885,2017-04-01,avg_tip_amount,2.758034
886,2019-07-01,avg_tip_amount,2.815344
887,2019-12-01,avg_tip_amount,2.759517
888,2021-07-01,avg_tip_amount,3.332671
889,2015-11-01,avg_tip_amount,2.942683
890,2018-05-01,avg_tip_amount,2.790014
891,2016-08-01,sum_tip_amount,1508633.52
892,2017-02-01,sum_tip_amount,1159079.5
893,2015-04-01,sum_tip_amount,1949223.81
894,2022-03-01,sum_tip_amount,142385.53
895,2016-09-01,sum_tip_amount,1396989.43
896,2017-09-01,sum_tip_amount,1021241.13
897,2014-04-01,sum_tip_amount,1305730.05
898,2018-10-01,sum_tip_amount,706869.33
899,2022-01-01,sum_tip_amount,100508.46
900,2015-08-01,sum_tip_amount,1796045.14
901,2018-08-01,sum_tip_amount,654043.95
902,2019-02-01,sum_tip_amount,509548.35
903,2021-10-01,sum_tip_amount,136380.64
904,2016-10-01,sum_tip_amount,1503794.48
905,2014-02-01,sum_tip_amount,884518.88
906,2014-09-01,sum_tip_amount,1571715.53
907,2021-04-01,sum_tip_amount,71099.65
908,2018-07-01,sum_tip_amount,681380.63
909,2019-01-01,sum_tip_amount,538127.4
910,2015-10-01,sum_tip_amount,2010163.82
911,2020-04-01,sum_tip_amount,45489.49
912,2016-03-01,sum_tip_amount,1906160.47
913,2016-05-01,sum_tip_amount,1989773.91
914,2020-01-01,sum_tip_amount,395190.06
915,2017-06-01,sum_tip_amount,1164591.84
916,2021-02-01,sum_tip_amount,56353.07
917,2021-03-01,sum_tip_amount,66439.05
918,2016-12-01,sum_tip_amount,1361555.69
919,2015-09-01,sum_tip_amount,1814377.6
920,2014-06-01,sum_tip_amount,1474322.18
921,2017-10-01,sum_tip_amount,1048891.57
922,2020-05-01,sum_tip_amount,64389.33
923,2021-06-01,sum_tip_amount,88623.4
924,2017-12-01,sum_tip_amount,940373.45
925,2015-12-01,sum_tip_amount,1947657.01
926,2014-01-01,sum_tip_amount,715295.3
927,2014-08-01,sum_tip_amount,1479544.89
928,2018-06-01,sum_tip_amount,746733.34
929,2019-10-01,sum_tip_amount,461829.72
930,2020-03-01,sum_tip_amount,198244.57
931,2020-10-01,sum_tip_amount,185491.29
932,2016-02-01,sum_tip_amount,1819919.44
933,2020-11-01,sum_tip_amount,177332.89
934,2014-07-01,sum_tip_amount,1386683.34
935,2015-06-01,sum_tip_amount,1936664.84
936,2020-06-01,sum_tip_amount,97704.43
937,2018-02-01,sum_tip_amount,792564.78
938,2019-06-01,sum_tip_amount,513911.12
939,2018-03-01,sum_tip_amount,847490.95
940,2017-08-01,sum_tip_amount,983943.53
941,2014-12-01,sum_tip_amount,1827093.29
942,2020-02-01,sum_tip_amount,387565.91
943,2020-08-01,sum_tip_amount,143316.93
944,2015-03-01,sum_tip_amount,1920734.92
945,2021-12-01,sum_tip_amount,133748.65
946,2017-11-01,sum_tip_amount,953409.8
947,2016-01-01,sum_tip_amount,1756689.02
948,2018-09-01,sum_tip_amount,697336.97
949,2016-11-01,sum_tip_amount,1330778.09
950,2020-12-01,sum_tip_amount,164162.2
951,2021-01-01,sum_tip_amount,112570.84
952,2018-04-01,sum_tip_amount,815456.13
953,2020-07-01,sum_tip_amount,122299.56
954,2014-03-01,sum_tip_amount,1196683.7
955,2019-11-01,sum_tip_amount,431812.8
956,2020-09-01,sum_tip_amount,168828.14
957,2017-07-01,sum_tip_amount,1076400.14
958,2017-03-01,sum_tip_amount,1277666.55
959,2014-05-01,sum_tip_amount,1541932.72
960,2014-10-01,sum_tip_amount,1715933.41
961,2018-12-01,sum_tip_amount,639290.92
962,2019-05-01,sum_tip_amount,546353.83
963,2021-09-01,sum_tip_amount,126556.9
964,2017-01-01,sum_tip_amount,1189702.83
965,2018-01-01,sum_tip_amount,811340.64
966,2014-11-01,sum_tip_amount,1768572.32
967,2021-11-01,sum_tip_amount,138332.06
968,2019-03-01,sum_tip_amount,543482.6
969,2019-08-01,sum_tip_amount,437426.17
970,2015-02-01,sum_tip_amount,1768754.02
971,2016-06-01,sum_tip_amount,1792400.57
972,2015-07-01,sum_tip_amount,1811855.86
973,2018-11-01,sum_tip_amount,645182.43
974,2019-04-01,sum_tip_amount,542350.69
975,2015-05-01,sum_tip_amount,2182230.54
976,2016-07-01,sum_tip_amount,1662056.1
977,2022-02-01,sum_tip_amount,120143.69
978,2021-08-01,sum_tip_amount,93916.98
979,2021-05-01,sum_tip_amount,81112.62
980,2019-09-01,sum_tip_amount,457851.46
981,2017-05-01,sum_tip_amount,1256055.36
982,2015-01-01,sum_tip_amount,1647927.73
983,2016-04-01,sum_tip_amount,1952248.14
984,2017-04-01,sum_tip_amount,1246088.11
985,2019-07-01,sum_tip_amount,458718.14
986,2019-12-01,sum_tip_amount,420390.36
987,2021-07-01,sum_tip_amount,86202.88
988,2015-11-01,sum_tip_amount,1868918.9
989,2018-05-01,sum_tip_amount,808604.71
990,2016-08-01,avg_tolls_amount,5.844992
991,2017-02-01,avg_tolls_amount,5.697625
992,2015-04-01,avg_tolls_amount,5.785822
993,2022-03-01,avg_tolls_amount,6.694931
994,2016-09-01,avg_tolls_amount,5.846332
995,2017-09-01,avg_tolls_amount,5.961295
996,2014-04-01,avg_tolls_amount,5.543852
997,2018-10-01,avg_tolls_amount,5.794377
998,2022-01-01,avg_tolls_amount,6.814101
999,2015-08-01,avg_tolls_amount,5.764601
1000,2018-08-01,avg_tolls_amount,5.782777
1001,2019-02-01,avg_tolls_amount,5.80754
1002,2021-10-01,avg_tolls_amount,6.603874
1003,2016-10-01,avg_tolls_amount,5.782827
1004,2014-02-01,avg_tolls_amount,5.517833
1005,2014-09-01,avg_tolls_amount,5.541015
1006,2021-04-01,avg_tolls_amount,6.319501
1007,2018-07-01,avg_tolls_amount,5.778962
1008,2019-01-01,avg_tolls_amount,5.729792
1009,2015-10-01,avg_tolls_amount,5.757184
1010,2020-04-01,avg_tolls_amount,6.511902
1011,2016-03-01,avg_tolls_amount,5.777086
1012,2016-05-01,avg_tolls_amount,5.813245
1013,2020-01-01,avg_tolls_amount,6.051519
1014,2017-06-01,avg_tolls_amount,5.945292
1015,2021-02-01,avg_tolls_amount,6.192849
1016,2021-03-01,avg_tolls_amount,6.072256
1017,2016-12-01,avg_tolls_amount,5.888462
1018,2015-09-01,avg_tolls_amount,5.759663
1019,2014-06-01,avg_tolls_amount,5.616412
1020,2017-10-01,avg_tolls_amount,6.407836
1021,2020-05-01,avg_tolls_amount,6.843765
1022,2021-06-01,avg_tolls_amount,6.401847
1023,2017-12-01,avg_tolls_amount,6.485087
1024,2015-12-01,avg_tolls_amount,5.890364
1025,2014-01-01,avg_tolls_amount,5.534294
1026,2014-08-01,avg_tolls_amount,5.562289
1027,2018-06-01,avg_tolls_amount,5.769053
1028,2019-10-01,avg_tolls_amount,6.103433
1029,2020-03-01,avg_tolls_amount,6.156063
1030,2020-10-01,avg_tolls_amount,6.240869
1031,2016-02-01,avg_tolls_amount,5.807417
1032,2020-11-01,avg_tolls_amount,6.21674
1033,2014-07-01,avg_tolls_amount,5.576954
1034,2015-06-01,avg_tolls_amount,5.837741
1035,2020-06-01,avg_tolls_amount,6.968776
1036,2018-02-01,avg_tolls_amount,5.78228
1037,2019-06-01,avg_tolls_amount,6.095447
1038,2018-03-01,avg_tolls_amount,5.781181
1039,2017-08-01,avg_tolls_amount,5.951557
1040,2014-12-01,avg_tolls_amount,5.607686
1041,2020-02-01,avg_tolls_amount,6.036334
1042,2020-08-01,avg_tolls_amount,6.301684
1043,2015-03-01,avg_tolls_amount,5.690862
1044,2021-12-01,avg_tolls_amount,6.777096
1045,2017-11-01,avg_tolls_amount,7.784765
1046,2016-01-01,avg_tolls_amount,5.817235
1047,2018-09-01,avg_tolls_amount,5.904887
1048,2016-11-01,avg_tolls_amount,5.794863
1049,2020-12-01,avg_tolls_amount,6.243163
1050,2021-01-01,avg_tolls_amount,6.243292
1051,2018-04-01,avg_tolls_amount,5.762837
1052,2020-07-01,avg_tolls_amount,6.284855
1053,2014-03-01,avg_tolls_amount,5.520055
1054,2019-11-01,avg_tolls_amount,6.096477
1055,2020-09-01,avg_tolls_amount,6.259795
1056,2017-07-01,avg_tolls_amount,5.959333
1057,2017-03-01,avg_tolls_amount,5.787349
1058,2014-05-01,avg_tolls_amount,5.587678
1059,2014-10-01,avg_tolls_amount,5.535264
1060,2018-12-01,avg_tolls_amount,5.804494
1061,2019-05-01,avg_tolls_amount,6.091674
1062,2021-09-01,avg_tolls_amount,6.569184
1063,2017-01-01,avg_tolls_amount,5.71972
1064,2018-01-01,avg_tolls_amount,5.738012
1065,2014-11-01,avg_tolls_amount,5.526558
1066,2021-11-01,avg_tolls_amount,6.61525
1067,2019-03-01,avg_tolls_amount,5.755837
1068,2019-08-01,avg_tolls_amount,6.143244
1069,2015-02-01,avg_tolls_amount,5.599075
1070,2016-06-01,avg_tolls_amount,5.832869
1071,2015-07-01,avg_tolls_amount,5.77935
1072,2018-11-01,avg_tolls_amount,5.809398
1073,2019-04-01,avg_tolls_amount,6.085551
1074,2015-05-01,avg_tolls_amount,5.811631
1075,2016-07-01,avg_tolls_amount,5.866367
1076,2022-02-01,avg_tolls_amount,6.600827
1077,2021-08-01,avg_tolls_amount,6.51482
1078,2021-05-01,avg_tolls_amount,6.395518
1079,2019-09-01,avg_tolls_amount,6.085505
1080,2017-05-01,avg_tolls_amount,5.97513
1081,2015-01-01,avg_tolls_amount,5.572693
1082,2016-04-01,avg_tolls_amount,5.797722
1083,2017-04-01,avg_tolls_amount,5.950582
1084,2019-07-01,avg_tolls_amount,6.12356
1085,2019-12-01,avg_tolls_amount,6.073533
1086,2021-07-01,avg_tolls_amount,6.416307
1087,2015-11-01,avg_tolls_amount,5.777086
1088,2018-05-01,avg_tolls_amount,5.774255
1089,2016-08-01,sum_tolls_amount,142641.19
1090,2017-02-01,sum_tolls_amount,84284.97
1091,2015-04-01,sum_tolls_amount,182889.86
1092,2022-03-01,sum_tolls_amount,15599.19
1093,2016-09-01,sum_tolls_amount,137786.36
1094,2017-09-01,sum_tolls_amount,107416.59
1095,2014-04-01,sum_tolls_amount,138341.3
1096,2018-10-01,sum_tolls_amount,180019.72
1097,2022-01-01,sum_tolls_amount,10050.8
1098,2015-08-01,sum_tolls_amount,175128.6
1099,2018-08-01,sum_tolls_amount,146425.7
1100,2019-02-01,sum_tolls_amount,198705.0
1101,2021-10-01,sum_tolls_amount,60385.83
1102,2016-10-01,sum_tolls_amount,130900.08
1103,2014-02-01,sum_tolls_amount,89317.17
1104,2014-09-01,sum_tolls_amount,162074.69
1105,2021-04-01,sum_tolls_amount,47295.15
1106,2018-07-01,sum_tolls_amount,128183.17
1107,2019-01-01,sum_tolls_amount,196675.13
1108,2015-10-01,sum_tolls_amount,186803.36
1109,2020-04-01,sum_tolls_amount,19613.85
1110,2016-03-01,sum_tolls_amount,166680.49
1111,2016-05-01,sum_tolls_amount,184547.3
1112,2020-01-01,sum_tolls_amount,139929.28
1113,2017-06-01,sum_tolls_amount,99012.9
1114,2021-02-01,sum_tolls_amount,33887.27
1115,2021-03-01,sum_tolls_amount,43440.92
1116,2016-12-01,sum_tolls_amount,114571.81
1117,2015-09-01,sum_tolls_amount,182909.62
1118,2014-06-01,sum_tolls_amount,167633.07
1119,2017-10-01,sum_tolls_amount,102525.38
1120,2020-05-01,sum_tolls_amount,43033.6
1121,2021-06-01,sum_tolls_amount,45709.19
1122,2017-12-01,sum_tolls_amount,88891.09
1123,2015-12-01,sum_tolls_amount,181234.72
1124,2014-01-01,sum_tolls_amount,78548.24
1125,2014-08-01,sum_tolls_amount,164749.44
1126,2018-06-01,sum_tolls_amount,136484.27
1127,2019-10-01,sum_tolls_amount,143400.17
1128,2020-03-01,sum_tolls_amount,65999.16
1129,2020-10-01,sum_tolls_amount,46363.42
1130,2016-02-01,sum_tolls_amount,150557.29
1131,2020-11-01,sum_tolls_amount,45170.84
1132,2014-07-01,sum_tolls_amount,155803.38
1133,2015-06-01,sum_tolls_amount,191693.91
1134,2020-06-01,sum_tolls_amount,43276.1
1135,2018-02-01,sum_tolls_amount,68560.5
1136,2019-06-01,sum_tolls_amount,118111.49
1137,2018-03-01,sum_tolls_amount,104731.88
1138,2017-08-01,sum_tolls_amount,95528.45
1139,2014-12-01,sum_tolls_amount,179204.85
1140,2020-02-01,sum_tolls_amount,108140.93
1141,2020-08-01,sum_tolls_amount,47628.13
1142,2015-03-01,sum_tolls_amount,177492.3
1143,2021-12-01,sum_tolls_amount,50340.27
1144,2017-11-01,sum_tolls_amount,113338.4
1145,2016-01-01,sum_tolls_amount,140794.56
1146,2018-09-01,sum_tolls_amount,165354.57
1147,2016-11-01,sum_tolls_amount,113643.06
1148,2020-12-01,sum_tolls_amount,44145.41
1149,2021-01-01,sum_tolls_amount,40937.27
1150,2018-04-01,sum_tolls_amount,120230.07
1151,2020-07-01,sum_tolls_amount,41574.32
1152,2014-03-01,sum_tolls_amount,126762.56
1153,2019-11-01,sum_tolls_amount,112766.55
1154,2020-09-01,sum_tolls_amount,45208.24
1155,2017-07-01,sum_tolls_amount,96755.74
1156,2017-03-01,sum_tolls_amount,99594.49
1157,2014-05-01,sum_tolls_amount,174229.4
1158,2014-10-01,sum_tolls_amount,174571.18
1159,2018-12-01,sum_tolls_amount,197608.21
1160,2019-05-01,sum_tolls_amount,134491.98
1161,2021-09-01,sum_tolls_amount,63024.76
1162,2017-01-01,sum_tolls_amount,88598.47
1163,2018-01-01,sum_tolls_amount,65390.39
1164,2014-11-01,sum_tolls_amount,168029.48
1165,2021-11-01,sum_tolls_amount,58604.5
1166,2019-03-01,sum_tolls_amount,203232.85
1167,2019-08-01,sum_tolls_amount,125696.92
1168,2015-02-01,sum_tolls_amount,153246.69
1169,2016-06-01,sum_tolls_amount,165548.5
1170,2015-07-01,sum_tolls_amount,181315.56
1171,2018-11-01,sum_tolls_amount,171964.01
1172,2019-04-01,sum_tolls_amount,153282.88
1173,2015-05-01,sum_tolls_amount,214414.32
1174,2016-07-01,sum_tolls_amount,159465.47
1175,2022-02-01,sum_tolls_amount,11162.0
1176,2021-08-01,sum_tolls_amount,52763.53
1177,2021-05-01,sum_tolls_amount,46367.51
1178,2019-09-01,sum_tolls_amount,133199.54
1179,2017-05-01,sum_tolls_amount,107803.3
1180,2015-01-01,sum_tolls_amount,140292.57
1181,2016-04-01,sum_tolls_amount,174360.71
1182,2017-04-01,sum_tolls_amount,100326.82
1183,2019-07-01,sum_tolls_amount,109660.73
1184,2019-12-01,sum_tolls_amount,123821.12
1185,2021-07-01,sum_tolls_amount,50258.94
1186,2015-11-01,sum_tolls_amount,173231.72
1187,2018-05-01,sum_tolls_amount,141417.29
1188,2016-08-01,improvement_surcharge,0.3
1189,2017-02-01,improvement_surcharge,0.3
1190,2015-04-01,improvement_surcharge,0.3
1191,2022-03-01,improvement_surcharge,0.3
1192,2016-09-01,improvement_surcharge,0.3
1193,2017-09-01,improvement_surcharge,0.3
1194,2014-04-01,improvement_surcharge,0.3
1195,2018-10-01,improvement_surcharge,0.3
1196,2022-01-01,improvement_surcharge,0.3
1197,2015-08-01,improvement_surcharge,0.3
1198,2018-08-01,improvement_surcharge,0.3
1199,2019-02-01,improvement_surcharge,0.3
1200,2021-10-01,improvement_surcharge,0.3
1201,2016-10-01,improvement_surcharge,0.3
1202,2014-02-01,improvement_surcharge,0.3
1203,2014-09-01,improvement_surcharge,0.3
1204,2021-04-01,improvement_surcharge,0.3
1205,2018-07-01,improvement_surcharge,0.3
1206,2019-01-01,improvement_surcharge,0.3
1207,2015-10-01,improvement_surcharge,0.3
1208,2020-04-01,improvement_surcharge,0.3
1209,2016-03-01,improvement_surcharge,0.3
1210,2016-05-01,improvement_surcharge,0.3
1211,2020-01-01,improvement_surcharge,0.3
1212,2017-06-01,improvement_surcharge,0.3
1213,2021-02-01,improvement_surcharge,0.3
1214,2021-03-01,improvement_surcharge,0.3
1215,2016-12-01,improvement_surcharge,0.3
1216,2015-09-01,improvement_surcharge,0.3
1217,2014-06-01,improvement_surcharge,0.3
1218,2017-10-01,improvement_surcharge,0.3
1219,2020-05-01,improvement_surcharge,0.3
1220,2021-06-01,improvement_surcharge,0.3
1221,2017-12-01,improvement_surcharge,0.3
1222,2015-12-01,improvement_surcharge,0.3
1223,2014-01-01,improvement_surcharge,0.3
1224,2014-08-01,improvement_surcharge,0.3
1225,2018-06-01,improvement_surcharge,0.3
1226,2019-10-01,improvement_surcharge,0.3
1227,2020-03-01,improvement_surcharge,0.3
1228,2020-10-01,improvement_surcharge,0.3
1229,2016-02-01,improvement_surcharge,0.3
1230,2020-11-01,improvement_surcharge,0.3
1231,2014-07-01,improvement_surcharge,0.3
1232,2015-06-01,improvement_surcharge,0.3
1233,2020-06-01,improvement_surcharge,0.3
1234,2018-02-01,improvement_surcharge,0.3
1235,2019-06-01,improvement_surcharge,0.3
1236,2018-03-01,improvement_surcharge,0.3
1237,2017-08-01,improvement_surcharge,0.3
1238,2014-12-01,improvement_surcharge,0.3
1239,2020-02-01,improvement_surcharge,0.3
1240,2020-08-01,improvement_surcharge,0.3
1241,2015-03-01,improvement_surcharge,0.3
1242,2021-12-01,improvement_surcharge,0.3
1243,2017-11-01,improvement_surcharge,0.3
1244,2016-01-01,improvement_surcharge,0.3
1245,2018-09-01,improvement_surcharge,0.3
1246,2016-11-01,improvement_surcharge,0.3
1247,2020-12-01,improvement_surcharge,0.3
1248,2021-01-01,improvement_surcharge,0.3
1249,2018-04-01,improvement_surcharge,0.3
1250,2020-07-01,improvement_surcharge,0.3
1251,2014-03-01,improvement_surcharge,0.3
1252,2019-11-01,improvement_surcharge,0.3
1253,2020-09-01,improvement_surcharge,0.3
1254,2017-07-01,improvement_surcharge,0.3
1255,2017-03-01,improvement_surcharge,0.3
1256,2014-05-01,improvement_surcharge,0.3
1257,2014-10-01,improvement_surcharge,0.3
1258,2018-12-01,improvement_surcharge,0.3
1259,2019-05-01,improvement_surcharge,0.3
1260,2021-09-01,improvement_surcharge,0.3
1261,2017-01-01,improvement_surcharge,0.3
1262,2018-01-01,improvement_surcharge,0.3
1263,2014-11-01,improvement_surcharge,0.3
1264,2021-11-01,improvement_surcharge,0.3
1265,2019-03-01,improvement_surcharge,0.3
1266,2019-08-01,improvement_surcharge,0.3
1267,2015-02-01,improvement_surcharge,0.3
1268,2016-06-01,improvement_surcharge,0.3
1269,2015-07-01,improvement_surcharge,0.3
1270,2018-11-01,improvement_surcharge,0.3
1271,2019-04-01,improvement_surcharge,0.3
1272,2015-05-01,improvement_surcharge,0.3
1273,2016-07-01,improvement_surcharge,0.3
1274,2022-02-01,improvement_surcharge,0.3
1275,2021-08-01,improvement_surcharge,0.3
1276,2021-05-01,improvement_surcharge,0.3
1277,2019-09-01,improvement_surcharge,0.3
1278,2017-05-01,improvement_surcharge,0.3
1279,2015-01-01,improvement_surcharge,0.3
1280,2016-04-01,improvement_surcharge,0.3
1281,2017-04-01,improvement_surcharge,0.3
1282,2019-07-01,improvement_surcharge,0.3
1283,2019-12-01,improvement_surcharge,0.3
1284,2021-07-01,improvement_surcharge,0.3
1285,2015-11-01,improvement_surcharge,0.3
1286,2018-05-01,improvement_surcharge,0.3
1287,2016-08-01,sum_improvement_surcharge,361817.4
1288,2017-02-01,sum_improvement_surcharge,297571.8
1289,2015-04-01,sum_improvement_surcharge,479978.4
1290,2022-03-01,sum_improvement_surcharge,22153.8
1291,2016-09-01,sum_improvement_surcharge,337600.8
1292,2017-09-01,sum_improvement_surcharge,257579.4
1293,2014-04-01,sum_improvement_surcharge,0.0
1294,2018-10-01,sum_improvement_surcharge,200962.8
1295,2022-01-01,sum_improvement_surcharge,17593.8
1296,2015-08-01,sum_improvement_surcharge,444117.3
1297,2018-08-01,sum_improvement_surcharge,191341.2
1298,2019-02-01,sum_improvement_surcharge,154943.1
1299,2021-10-01,sum_improvement_surcharge,31809.9
1300,2016-10-01,sum_improvement_surcharge,364429.2
1301,2014-02-01,sum_improvement_surcharge,0.0
1302,2014-09-01,sum_improvement_surcharge,0.0
1303,2021-04-01,sum_improvement_surcharge,24879.3
1304,2018-07-01,sum_improvement_surcharge,199534.2
1305,2019-01-01,sum_improvement_surcharge,170930.4
1306,2015-10-01,sum_improvement_surcharge,473465.1
1307,2020-04-01,sum_improvement_surcharge,10118.4
1308,2016-03-01,sum_improvement_surcharge,457748.4
1309,2016-05-01,sum_improvement_surcharge,446416.2
1310,2020-01-01,sum_improvement_surcharge,124067.7
1311,2017-06-01,sum_improvement_surcharge,284812.5
1312,2021-02-01,sum_improvement_surcharge,18700.5
1313,2021-03-01,sum_improvement_surcharge,24249.0
1314,2016-12-01,sum_improvement_surcharge,356366.7
1315,2015-09-01,sum_improvement_surcharge,433601.4
1316,2014-06-01,sum_improvement_surcharge,0.0
1317,2017-10-01,sum_improvement_surcharge,270275.7
1318,2020-05-01,sum_improvement_surcharge,16413.3
1319,2021-06-01,sum_improvement_surcharge,24806.7
1320,2017-12-01,sum_improvement_surcharge,264498.0
1321,2015-12-01,sum_improvement_surcharge,466871.4
1322,2014-01-01,sum_improvement_surcharge,2.4
1323,2014-08-01,sum_improvement_surcharge,0.0
1324,2018-06-01,sum_improvement_surcharge,215801.7
1325,2019-10-01,sum_improvement_surcharge,112114.5
1326,2020-03-01,sum_improvement_surcharge,64122.0
1327,2020-10-01,sum_improvement_surcharge,27292.2
1328,2016-02-01,sum_improvement_surcharge,439169.14
1329,2020-11-01,sum_improvement_surcharge,25549.8
1330,2014-07-01,sum_improvement_surcharge,0.0
1331,2015-06-01,sum_improvement_surcharge,474580.5
1332,2020-06-01,sum_improvement_surcharge,17948.7
1333,2018-02-01,sum_improvement_surcharge,224919.9
1334,2019-06-01,sum_improvement_surcharge,136093.8
1335,2018-03-01,sum_improvement_surcharge,244374.9
1336,2017-08-01,sum_improvement_surcharge,252875.4
1337,2014-12-01,sum_improvement_surcharge,30.0
1338,2020-02-01,sum_improvement_surcharge,112963.8
1339,2020-08-01,sum_improvement_surcharge,23033.4
1340,2015-03-01,sum_improvement_surcharge,494988.0
1341,2021-12-01,sum_improvement_surcharge,28654.5
1342,2017-11-01,sum_improvement_surcharge,255225.6
1343,2016-01-01,sum_improvement_surcharge,419069.8
1344,2018-09-01,sum_improvement_surcharge,189903.3
1345,2016-11-01,sum_improvement_surcharge,333853.5
1346,2020-12-01,sum_improvement_surcharge,24142.2
1347,2021-01-01,sum_improvement_surcharge,22118.7
1348,2018-04-01,sum_improvement_surcharge,233601.6
1349,2020-07-01,sum_improvement_surcharge,20431.2
1350,2014-03-01,sum_improvement_surcharge,0.0
1351,2019-11-01,sum_improvement_surcharge,104240.1
1352,2020-09-01,sum_improvement_surcharge,25207.8
1353,2017-07-01,sum_improvement_surcharge,266642.4
1354,2017-03-01,sum_improvement_surcharge,337494.3
1355,2014-05-01,sum_improvement_surcharge,0.0
1356,2014-10-01,sum_improvement_surcharge,0.0
1357,2018-12-01,sum_improvement_surcharge,189381.9
1358,2019-05-01,sum_improvement_surcharge,146064.0
1359,2021-09-01,sum_improvement_surcharge,27371.4
1360,2017-01-01,sum_improvement_surcharge,311500.8
1361,2018-01-01,sum_improvement_surcharge,231138.9
1362,2014-11-01,sum_improvement_surcharge,0.0
1363,2021-11-01,sum_improvement_surcharge,31182.9
1364,2019-03-01,sum_improvement_surcharge,161542.2
1365,2019-08-01,sum_improvement_surcharge,113242.2
1366,2015-02-01,sum_improvement_surcharge,451068.9
1367,2016-06-01,sum_improvement_surcharge,407794.2
1368,2015-07-01,sum_improvement_surcharge,446131.5
1369,2018-11-01,sum_improvement_surcharge,185333.1
1370,2019-04-01,sum_improvement_surcharge,145622.7
1371,2015-05-01,sum_improvement_surcharge,516989.1
1372,2016-07-01,sum_improvement_surcharge,386433.0
1373,2022-02-01,sum_improvement_surcharge,19603.2
1374,2021-08-01,sum_improvement_surcharge,23960.4
1375,2021-05-01,sum_improvement_surcharge,25088.7
1376,2019-09-01,sum_improvement_surcharge,111458.7
1377,2017-05-01,sum_improvement_surcharge,309318.9
1378,2015-01-01,sum_improvement_surcharge,421569.3
1379,2016-04-01,sum_improvement_surcharge,448588.5
1380,2017-04-01,sum_improvement_surcharge,315509.1
1381,2019-07-01,sum_improvement_surcharge,124112.1
1382,2019-12-01,sum_improvement_surcharge,119188.5
1383,2021-07-01,sum_improvement_surcharge,23921.7
1384,2015-11-01,sum_improvement_surcharge,443970.0
1385,2018-05-01,sum_improvement_surcharge,232592.1
1386,2016-08-01,avg_congestion_surcharge,
1387,2017-02-01,avg_congestion_surcharge,
1388,2015-04-01,avg_congestion_surcharge,
1389,2022-03-01,avg_congestion_surcharge,2.749752
1390,2016-09-01,avg_congestion_surcharge,
1391,2017-09-01,avg_congestion_surcharge,
1392,2014-04-01,avg_congestion_surcharge,
1393,2018-10-01,avg_congestion_surcharge,
1394,2022-01-01,avg_congestion_surcharge,2.749982
1395,2015-08-01,avg_congestion_surcharge,
1396,2018-08-01,avg_congestion_surcharge,
1397,2019-02-01,avg_congestion_surcharge,2.749053
1398,2021-10-01,avg_congestion_surcharge,2.749825
1399,2016-10-01,avg_congestion_surcharge,
1400,2014-02-01,avg_congestion_surcharge,
1401,2014-09-01,avg_congestion_surcharge,
1402,2021-04-01,avg_congestion_surcharge,2.747135
1403,2018-07-01,avg_congestion_surcharge,
1404,2019-01-01,avg_congestion_surcharge,2.75
1405,2015-10-01,avg_congestion_surcharge,
1406,2020-04-01,avg_congestion_surcharge,2.749806
1407,2016-03-01,avg_congestion_surcharge,
1408,2016-05-01,avg_congestion_surcharge,
1409,2020-01-01,avg_congestion_surcharge,2.749446
1410,2017-06-01,avg_congestion_surcharge,
1411,2021-02-01,avg_congestion_surcharge,2.749746
1412,2021-03-01,avg_congestion_surcharge,2.749759
1413,2016-12-01,avg_congestion_surcharge,
1414,2015-09-01,avg_congestion_surcharge,
1415,2014-06-01,avg_congestion_surcharge,
1416,2017-10-01,avg_congestion_surcharge,
1417,2020-05-01,avg_congestion_surcharge,2.749414
1418,2021-06-01,avg_congestion_surcharge,2.75
1419,2017-12-01,avg_congestion_surcharge,
1420,2015-12-01,avg_congestion_surcharge,
1421,2014-01-01,avg_congestion_surcharge,
1422,2014-08-01,avg_congestion_surcharge,
1423,2018-06-01,avg_congestion_surcharge,
1424,2019-10-01,avg_congestion_surcharge,2.749198
1425,2020-03-01,avg_congestion_surcharge,2.749413
1426,2020-10-01,avg_congestion_surcharge,2.749585
1427,2016-02-01,avg_congestion_surcharge,
1428,2020-11-01,avg_congestion_surcharge,2.749561
1429,2014-07-01,avg_congestion_surcharge,
1430,2015-06-01,avg_congestion_surcharge,
1431,2020-06-01,avg_congestion_surcharge,2.748262
1432,2018-02-01,avg_congestion_surcharge,
1433,2019-06-01,avg_congestion_surcharge,2.749121
1434,2018-03-01,avg_congestion_surcharge,
1435,2017-08-01,avg_congestion_surcharge,
1436,2014-12-01,avg_congestion_surcharge,
1437,2020-02-01,avg_congestion_surcharge,2.749658
1438,2020-08-01,avg_congestion_surcharge,2.748766
1439,2015-03-01,avg_congestion_surcharge,
1440,2021-12-01,avg_congestion_surcharge,2.749941
1441,2017-11-01,avg_congestion_surcharge,
1442,2016-01-01,avg_congestion_surcharge,
1443,2018-09-01,avg_congestion_surcharge,
1444,2016-11-01,avg_congestion_surcharge,
1445,2020-12-01,avg_congestion_surcharge,2.749811
1446,2021-01-01,avg_congestion_surcharge,2.749861
1447,2018-04-01,avg_congestion_surcharge,
1448,2020-07-01,avg_congestion_surcharge,2.748631
1449,2014-03-01,avg_congestion_surcharge,
1450,2019-11-01,avg_congestion_surcharge,2.749436
1451,2020-09-01,avg_congestion_surcharge,2.749689
1452,2017-07-01,avg_congestion_surcharge,
1453,2017-03-01,avg_congestion_surcharge,
1454,2014-05-01,avg_congestion_surcharge,
1455,2014-10-01,avg_congestion_surcharge,
1456,2018-12-01,avg_congestion_surcharge,
1457,2019-05-01,avg_congestion_surcharge,2.749048
1458,2021-09-01,avg_congestion_surcharge,2.749707
1459,2017-01-01,avg_congestion_surcharge,
1460,2018-01-01,avg_congestion_surcharge,
1461,2014-11-01,avg_congestion_surcharge,
1462,2021-11-01,avg_congestion_surcharge,2.749927
1463,2019-03-01,avg_congestion_surcharge,2.749158
1464,2019-08-01,avg_congestion_surcharge,2.749301
1465,2015-02-01,avg_congestion_surcharge,
1466,2016-06-01,avg_congestion_surcharge,
1467,2015-07-01,avg_congestion_surcharge,
1468,2018-11-01,avg_congestion_surcharge,
1469,2019-04-01,avg_congestion_surcharge,2.749387
1470,2015-05-01,avg_congestion_surcharge,
1471,2016-07-01,avg_congestion_surcharge,
1472,2022-02-01,avg_congestion_surcharge,2.749953
1473,2021-08-01,avg_congestion_surcharge,2.749876
1474,2021-05-01,avg_congestion_surcharge,2.749316
1475,2019-09-01,avg_congestion_surcharge,2.7493
1476,2017-05-01,avg_congestion_surcharge,
1477,2015-01-01,avg_congestion_surcharge,
1478,2016-04-01,avg_congestion_surcharge,
1479,2017-04-01,avg_congestion_surcharge,
1480,2019-07-01,avg_congestion_surcharge,2.749233
1481,2019-12-01,avg_congestion_surcharge,2.749317
1482,2021-07-01,avg_congestion_surcharge,2.749937
1483,2015-11-01,avg_congestion_surcharge,
1484,2018-05-01,avg_congestion_surcharge,
1485,2016-08-01,sum_congestion_surcharge,0.0
1486,2017-02-01,sum_congestion_surcharge,0.0
1487,2015-04-01,sum_congestion_surcharge,0.0
1488,2022-03-01,sum_congestion_surcharge,49932.75
1489,2016-09-01,sum_congestion_surcharge,0.0
1490,2017-09-01,sum_congestion_surcharge,0.0
1491,2014-04-01,sum_congestion_surcharge,0.0
1492,2018-10-01,sum_congestion_surcharge,0.0
1493,2022-01-01,sum_congestion_surcharge,39583.25
1494,2015-08-01,sum_congestion_surcharge,0.0
1495,2018-08-01,sum_congestion_surcharge,0.0
1496,2019-02-01,sum_congestion_surcharge,193904.5
1497,2021-10-01,sum_congestion_surcharge,47313.5
1498,2016-10-01,sum_congestion_surcharge,0.0
1499,2014-02-01,sum_congestion_surcharge,0.0
1500,2014-09-01,sum_congestion_surcharge,0.0
1501,2021-04-01,sum_congestion_surcharge,27814.75
1502,2018-07-01,sum_congestion_surcharge,0.0
1503,2019-01-01,sum_congestion_surcharge,2.75
1504,2015-10-01,sum_congestion_surcharge,0.0
1505,2020-04-01,sum_congestion_surcharge,10680.25
1506,2016-03-01,sum_congestion_surcharge,0.0
1507,2016-05-01,sum_congestion_surcharge,0.0
1508,2020-01-01,sum_congestion_surcharge,156380.25
1509,2017-06-01,sum_congestion_surcharge,0.0
1510,2021-02-01,sum_congestion_surcharge,21665.25
1511,2021-03-01,sum_congestion_surcharge,25762.5
1512,2016-12-01,sum_congestion_surcharge,0.0
1513,2015-09-01,sum_congestion_surcharge,0.0
1514,2014-06-01,sum_congestion_surcharge,0.0
1515,2017-10-01,sum_congestion_surcharge,0.0
1516,2020-05-01,sum_congestion_surcharge,14090.75
1517,2021-06-01,sum_congestion_surcharge,36181.75
1518,2017-12-01,sum_congestion_surcharge,0.0
1519,2015-12-01,sum_congestion_surcharge,0.0
1520,2014-01-01,sum_congestion_surcharge,0.0
1521,2014-08-01,sum_congestion_surcharge,0.0
1522,2018-06-01,sum_congestion_surcharge,0.0
1523,2019-10-01,sum_congestion_surcharge,173983.0
1524,2020-03-01,sum_congestion_surcharge,77379.5
1525,2020-10-01,sum_congestion_surcharge,29879.75
1526,2016-02-01,sum_congestion_surcharge,0.0
1527,2020-11-01,sum_congestion_surcharge,28202.25
1528,2014-07-01,sum_congestion_surcharge,0.0
1529,2015-06-01,sum_congestion_surcharge,0.0
1530,2020-06-01,sum_congestion_surcharge,18985.0
1531,2018-02-01,sum_congestion_surcharge,0.0
1532,2019-06-01,sum_congestion_surcharge,194772.5
1533,2018-03-01,sum_congestion_surcharge,0.0
1534,2017-08-01,sum_congestion_surcharge,0.0
1535,2014-12-01,sum_congestion_surcharge,0.0
1536,2020-02-01,sum_congestion_surcharge,149006.75
1537,2020-08-01,sum_congestion_surcharge,22839.5
1538,2015-03-01,sum_congestion_surcharge,0.0
1539,2021-12-01,sum_congestion_surcharge,47051.5
1540,2017-11-01,sum_congestion_surcharge,0.0
1541,2016-01-01,sum_congestion_surcharge,0.0
1542,2018-09-01,sum_congestion_surcharge,0.0
1543,2016-11-01,sum_congestion_surcharge,0.0
1544,2020-12-01,sum_congestion_surcharge,25540.25
1545,2021-01-01,sum_congestion_surcharge,24792.75
1546,2018-04-01,sum_congestion_surcharge,0.0
1547,2020-07-01,sum_congestion_surcharge,22588.25
1548,2014-03-01,sum_congestion_surcharge,0.0
1549,2019-11-01,sum_congestion_surcharge,162137.0
1550,2020-09-01,sum_congestion_surcharge,26573.0
1551,2017-07-01,sum_congestion_surcharge,0.0
1552,2017-03-01,sum_congestion_surcharge,0.0
1553,2014-05-01,sum_congestion_surcharge,0.0
1554,2014-10-01,sum_congestion_surcharge,0.0
1555,2018-12-01,sum_congestion_surcharge,0.0
1556,2019-05-01,sum_congestion_surcharge,203058.5
1557,2021-09-01,sum_congestion_surcharge,39903.75
1558,2017-01-01,sum_congestion_surcharge,0.0
1559,2018-01-01,sum_congestion_surcharge,0.0
1560,2014-11-01,sum_congestion_surcharge,0.0
1561,2021-11-01,sum_congestion_surcharge,47406.0
1562,2019-03-01,sum_congestion_surcharge,204149.75
1563,2019-08-01,sum_congestion_surcharge,169200.25
1564,2015-02-01,sum_congestion_surcharge,0.0
1565,2016-06-01,sum_congestion_surcharge,0.0
1566,2015-07-01,sum_congestion_surcharge,0.0
1567,2018-11-01,sum_congestion_surcharge,0.0
1568,2019-04-01,sum_congestion_surcharge,209492.3
1569,2015-05-01,sum_congestion_surcharge,0.0
1570,2016-07-01,sum_congestion_surcharge,0.0
1571,2022-02-01,sum_congestion_surcharge,44400.75
1572,2021-08-01,sum_congestion_surcharge,33279.0
1573,2021-05-01,sum_congestion_surcharge,33181.5
1574,2019-09-01,sum_congestion_surcharge,170957.0
1575,2017-05-01,sum_congestion_surcharge,0.0
1576,2015-01-01,sum_congestion_surcharge,0.0
1577,2016-04-01,sum_congestion_surcharge,0.0
1578,2017-04-01,sum_congestion_surcharge,0.0
1579,2019-07-01,sum_congestion_surcharge,180239.75
1580,2019-12-01,sum_congestion_surcharge,153002.25
1581,2021-07-01,sum_congestion_surcharge,32795.75
1582,2015-11-01,sum_congestion_surcharge,0.0
1583,2018-05-01,sum_congestion_surcharge,0.0
