,year_month,avg_total_fare,sum_total_fare,avg_fare_amount,sum_fare_amount,avg_extra,sum_extra,mta_tax,total_mta_tax,avg_tip_amount,sum_tip_amount,avg_tolls_amount,sum_tolls_amount,improvement_surcharge,sum_improvement_surcharge,avg_congestion_surcharge,sum_congestion_surcharge,avg_distance,count_drivers,driver_pay,total_driver_pay,pay_per_driver,tips_per_driver,extra_per_driver,fare_per_driver
0,2014-01-01,13.790322342286043,10768559.32999964,11.918427078237556,9306837.499999987,0.6682814815516237,282296.8,0.5,385305.5,2.898267430034451,715295.2999999325,5.534294370465605,78548.24000001833,0.3,0,,0,2.8798799044151773,4233,12.279939119811273,9589134.299999988,2265.328206945426,168.98069926764293,66.68953460902434,2198.638672336401
1,2014-02-01,13.916957933055297,13659591.629999306,12.06255910553873,11839486.200000003,0.6634309544955567,360798.30000000005,0.5,485107.0,2.9226573971884195,884518.8799998977,5.517833446594285,89317.17000002168,0.3,0,,0,2.8645101053788755,4844,12.430155363130373,12200284.500000004,2518.6384186622636,182.6009248554702,74.4835466556565,2444.1548720066066
2,2014-03-01,14.019645602486358,17764012.549998414,12.118668126716544,15355322.01,0.6526906117087816,459149.57,0.5,625643.0,2.925447856060169,1196683.6999999727,5.520055739419657,126762.560000033,0.3,0,,0,2.9448150314107555,5438,12.481036382864538,15814471.58,2908.1411511585143,220.05952556086294,84.43353622655388,2823.70761493196
3,2014-04-01,14.343971972579652,18431372.84999806,12.352086180382827,15871887.249999996,0.6565885545006277,482291.87000000005,0.5,632707.5,2.9653577560365716,1305730.0500000715,5.543852688948447,138341.30000001955,0.3,0,,0,2.996520985932491,5751,12.727423444849471,16354179.119999995,2843.710505998956,227.04400104330927,83.86226221526692,2759.848243783689
4,2014-05-01,14.957756485167053,20913785.539995722,12.87484050093336,18001473.240000013,0.6456725853359866,506181.48000000004,0.5,689383.5,3.083890111121211,1541932.720000161,5.587678393892026,174229.39999994726,0.3,0,,0,3.11794467847706,5978,13.236866749154274,18507654.720000014,3095.9609769153585,257.9345466711544,84.67405152224825,3011.2869253931103
5,2014-06-01,14.95624898080806,19682378.789996464,12.851049250112279,16911942.26000001,0.6464481595878124,479283.13,0.5,648710.5,3.089572101854161,1474322.1800000926,5.616412704793119,167633.06999996022,0.3,0,,0,3.1333952584997578,6006,13.215246987645115,17391225.390000008,2895.6419230769243,245.47488844490385,79.80072094572094,2815.8412021312038
6,2014-08-01,14.863489022088586,19638979.40999543,12.762591966941407,16863085.14000001,0.6353002182106725,480382.26,0.5,650837.0,3.0337752593345257,1479544.8900001142,5.562289071203092,164749.43999996438,0.3,0,,0,3.1748296588940765,6096,13.12616261380924,17343467.400000013,2845.0569881889787,242.70749507875888,78.80286417322834,2766.2541240157498
7,2014-07-01,14.747527047973461,18475318.449997906,12.660274055815329,15860462.169999992,0.6531540100463212,454319.56000000006,0.5,617465.0,3.034962212986372,1386683.3400001123,5.576954576367656,155803.37999998318,0.3,0,,0,3.11730631382834,6029,13.022924909041848,16314781.729999993,2706.0510416321104,230.00221263893056,75.35570741416488,2630.6953342179454
8,2014-09-01,14.931663409146811,20000455.459996242,12.787095962122217,17127880.279999997,0.6480606323494529,478090.5300000001,0.5,660335.5,3.036644422247693,1571715.5300002277,5.541015042734047,162074.68999997087,0.3,0,,0,3.0999829260318372,6164,13.144022177494612,17605970.81,2856.257431862427,254.98305158991366,77.5617342634653,2778.6956975989615
9,2014-10-01,14.70595101387183,21555424.1699948,12.556417351520919,18404719.410000004,0.6559525404617832,537538.0200000007,0.5,722263.5,2.9635848505892177,1715933.4100002607,5.535264759970352,174571.17999994496,0.3,0,,0,3.007821699566375,6318,12.923146752337695,18942257.430000003,2998.141410256411,271.59439854388427,85.08040835707514,2913.0610018993357
10,2014-11-01,14.458933734009252,21983623.109994877,12.35691803175179,18787680.599999994,0.630535376021117,509279.64,0.5,749624.5,2.916405275534732,1768572.3200003232,5.526558347584501,168029.47999995918,0.3,0,,0,2.9531576448052963,6460,12.691878312411452,19296960.239999995,2987.1455479876154,273.77280495361043,78.83585758513932,2908.309690402476
11,2014-12-01,14.355913283849063,23177751.199993867,12.248418150657587,19775181.34000003,0.6579051719037279,600445.05,0.5,795269.0,2.969401111965911,1827093.290000409,5.607686891758792,179204.84999993572,0.3,0,,0,2.9057442107783844,6753,12.62032381981149,20375626.39000003,3017.2703080112587,270.56023841261793,88.91530430919592,2928.3550037020627
12,2015-01-01,14.1012798018262,20869273.650391497,11.763073388668278,17408831.03999995,0.6430906576134792,521679.0,0.5,728411.0,2.8258489579225756,1647927.7300000452,5.572693942403803,140292.57000001575,0.3,0,,0,2.811991714618491,6737,12.115569679098535,17930510.03999995,2661.4977052100267,244.60853940923928,77.43491168175746,2584.062793528269
13,2015-02-01,14.42416346262724,22312219.19045342,12.03906069958311,18622789.58999993,0.6582027807725106,554961.7,0.5,760967.5,2.9701150764801887,1768754.0200002524,5.599075264888183,153246.68999998958,0.3,0,,0,2.809522472563866,6740,12.397826369997574,19177751.28999993,2845.3636928783276,262.42641246294545,82.33853115727003,2763.025161721058
14,2015-03-01,14.501770464383771,24512052.5805386,12.114159689518862,20476321.839999944,0.6542712464627121,611537.52,0.5,830565.0,2.9937948040133233,1920734.9200004358,5.690862162944527,177492.30000007685,0.3,0,,0,2.8450798684241136,7082,12.4759562676006,21087859.359999944,2977.670059305273,271.21362891844615,86.3509630048009,2891.319096300472
15,2015-04-01,14.772317054735035,24128231.110497978,12.316240136015677,20116619.97999998,0.6516050390901776,596843.5,0.5,802114.54,3.0357344029610287,1949223.810000456,5.7858228408733945,182889.860000008,0.3,0,,0,2.9257739810608276,7193,12.681652808568439,20713463.47999998,2879.6696065619326,270.98899068545194,82.97560127902128,2796.6940052829113
16,2015-05-01,15.211025138492214,26681142.020574484,12.70855117766379,22291637.530000012,0.6345907117539002,613189.14,0.5,861987.25,3.1364747563461504,2182230.5400006413,5.811631159539333,214414.32000004416,0.3,0,,0,3.019762511786749,7360,13.058132744149885,22904826.670000013,3112.0688410326106,296.49871467400015,83.3137418478261,3028.7550991847843
17,2015-06-01,14.92201577071579,24022222.010502584,12.452836747003317,20047211.69000004,0.6565401636804816,580648.06,0.5,790920.5,3.066706211907635,1936664.8400004262,5.837741267473251,191693.91000001915,0.3,0,,0,2.9292110946912038,7329,12.813521096051769,20627859.750000037,2814.5531109291906,264.2468058398726,79.22609632964935,2735.327014599541
18,2015-07-01,14.89649717073183,22564081.7804396,12.436334586366867,18837614.469999965,0.6494430306445612,542810.3300000001,0.5,743837.5,3.052425810212953,1811855.8600003945,5.779350396838228,181315.56000000573,0.3,0,,0,2.98518666106825,7180,12.794690517876502,19380424.799999967,2699.223509749299,252.34761281342543,75.60032451253483,2623.623185236764
19,2015-08-01,14.946336570461701,22513771.400442455,12.497840692501587,18825584.919999987,0.6335194556007102,531579.84,0.5,740295.5,3.032743246575348,1796045.1400003596,5.764601711652345,175128.59999999823,0.3,0,,0,3.0419123724445654,7077,12.850743414191124,19357164.759999987,2735.221811502047,253.78622862800052,75.11372615515049,2660.1080853468966
20,2015-09-01,15.072653625293674,22140733.38041714,12.570297385723244,18464937.219999988,0.6497274477136341,522185.30000000005,0.5,722501.5,3.031744143301818,1814377.6000004061,5.759663066410766,182909.62000000672,0.3,0,,0,3.009725195277594,7048,12.925783268683269,18987122.51999999,2693.973115777524,257.43155505113594,74.08985527809308,2619.883260499431
21,2015-10-01,14.922930262976026,23918905.3904756,12.407200724469064,19886621.130000025,0.6532564733685697,572740.0,0.5,789097.5,2.9713734017245534,2010163.8200006776,5.757184331371541,186803.3600000124,0.3,0,,0,2.901559523816667,7033,12.764531419134558,20459361.130000025,2909.0517744916856,285.8188283805883,81.4360870183421,2827.6156874733433
22,2015-11-01,14.722146991050952,22135086.6104259,12.239482236054915,18402343.049999993,0.6400115695715217,506717.64,0.5,739886.0,2.942683516321532,1868918.9000004192,5.777086640432006,173231.71999999412,0.3,0,,0,2.8914848592270417,7043,12.57650244791732,18909060.689999994,2684.802028964929,265.3583558143432,71.94627857447111,2612.8557503904576
23,2015-12-01,14.69549157422332,23223755.59047549,12.193165145045539,19269249.060000107,0.6605286952882153,580750.7,0.5,777944.0,2.9948472943224,1947657.0100004522,5.890364014560711,181234.72000000396,0.3,0,,0,2.870476431534516,7032,12.56065166053722,19849999.760000106,2822.8099772468863,276.97056456206656,82.58684584755403,2740.2231313993325
24,2016-01-01,14.392196919946285,20430198.47036211,11.915971442720945,16915114.68999999,0.6522908526363168,499984.2,0.5,698546.5,2.903536627896804,1756689.0200002405,5.817235879847654,140794.55999995276,0.3,2,,0,2.795460190076449,6891,12.268188826888837,17415098.88999999,2527.223754172107,254.925122623747,72.5561166739225,2454.667637498185
25,2016-02-01,14.23930774862695,21162986.030396074,11.771687503406248,17495517.519999992,0.6647204502529639,525808.5,0.5,732014.5,2.8384483917613332,1819919.4400004388,5.807417164897398,150557.28999996505,0.3,8,,0,2.767678486001768,6772,12.125472599592118,18021326.019999992,2661.152690490253,268.74179562912565,77.64449202598936,2583.5081984642634
26,2016-03-01,14.50430801899206,22485114.950438194,12.01406792638804,18624652.620000016,0.6691999310855096,567098.0900000001,0.5,762774.88,2.9047803997173225,1906160.470000503,5.777086163870319,166680.48999998643,0.3,0,,0,2.830921233333654,6720,12.379881727761637,19191750.710000016,2855.915284226193,283.6548318453129,84.38959672619049,2771.5256875000023
27,2016-04-01,14.772503921783414,22423346.200418185,12.225446663210139,18557139.969999965,0.6535939602763696,543460.11,0.5,747483.5,2.9259392914801063,1952248.140000648,5.7977226175432826,174360.70999999667,0.3,0,,0,2.874331946998058,6684,12.58347826717111,19100600.079999965,2857.660095751042,292.0778186715512,81.30761669658887,2776.3524790544534
28,2016-05-01,15.105506766981618,22833378.290422045,12.530384547957011,18940841.56999998,0.6545339213757813,527744.81,0.5,744054.5,3.0148272262266413,1989773.9100006784,5.813245763246043,184547.30000000887,0.3,0,,0,2.942363658736082,6579,12.879516099902542,19468586.37999998,2959.201456148348,302.4432147743849,80.2165693874449,2878.984886760903
29,2016-06-01,15.094879985313673,20839659.22036438,12.509412528665528,17270219.729999997,0.6669037336134339,488887.12,0.5,679771.5,3.046849408445684,1792400.5700004268,5.83286942428243,165548.49999998393,0.3,0,,0,2.918766639769611,6477,12.863530238784044,17759106.849999998,2741.872294272039,276.7331434306665,75.48048788019145,2666.3918063918477
30,2016-07-01,14.966186680545922,19578510.990316607,12.403089911732527,16225511.369999992,0.6489554408314538,458063.9,0.5,644070.0,2.976530793160129,1662056.1000003049,5.866367582679554,159465.46999997832,0.3,0,,0,2.9490580293427686,6370,12.75324268087874,16683575.269999992,2619.085599686027,260.9193249608014,71.90956043956044,2547.1760392464666
31,2016-08-01,14.882470439095698,18227305.670282457,12.345910642988372,15120654.060000008,0.6620156402188034,447912.5,0.5,602913.9,2.9580875406618032,1508633.5200001416,5.844992214389351,142641.1899999577,0.3,0,,0,2.94213205960398,6243,12.711628136354365,15568566.560000008,2493.7636649046945,241.65201345509234,71.74635591862886,2422.0173089860655
32,2016-09-01,14.937858151035584,17063903.750239875,12.396801315911564,14161188.459999993,0.6667248489253816,418262.5,0.5,562516.5,2.940677497647624,1396989.4299999874,5.846332315001334,137786.35999995144,0.3,0,,0,2.8721871164624635,6271,12.762951171556974,14579450.959999993,2324.9004879604518,222.76980226438963,66.69789507255621,2258.2025928878957
33,2016-10-01,14.633175054499107,18037027.170276254,12.12665322907775,14947458.289999982,0.6562497164527438,431062.2199999999,0.5,607191.0,2.8498659773498094,1503794.4800001287,5.782827354653677,130900.07999994063,0.3,0,,0,2.807075438175148,6140,12.476367672876771,15378520.509999983,2504.6450342019516,244.91766775246396,70.20557328990226,2434.439460912049
34,2016-11-01,14.289435143361562,16130157.310223969,11.839426860155362,13364546.309999995,0.6630672814573877,389563.30000000005,0.5,556295.2,2.7949302516063876,1330778.0899998655,5.794863087040938,113643.05999995985,0.3,0,,0,2.6993637852724834,5981,12.184534437380014,13754109.609999996,2299.6337752884124,222.5009346262942,65.13347266343422,2234.5003026249783
35,2016-12-01,14.022513153263223,16887088.230264448,11.60104816637934,13970956.689999977,0.6729678399055404,442282.54000000004,0.5,593770.0,2.777642048699732,1361555.6899998295,5.888462250087891,114571.80999996011,0.3,0,,0,2.651468208495631,5852,11.968305839818495,14413239.229999978,2462.959540328089,232.66501879696335,75.578014354067,2387.381525974022
36,2017-01-01,13.668403674356192,14387853.770159604,11.26162863515973,11854395.719999997,0.6776504782248635,381317.99,0.5,519000.81,2.656013533424226,1189702.8299996466,5.719720464815026,88598.46999998475,0.3,0,,0,2.6013095884998965,5682,11.62387920420734,12235713.709999997,2153.4167036254835,209.3809978880054,67.10981872580078,2086.3068848996827
37,2017-02-01,13.838128357176805,13914777.750147207,11.41335043195739,11476568.980000002,0.6723173709024308,363779.5,0.5,495607.5,2.7154003476590214,1159079.499999644,5.697625228147698,84284.96999998888,0.3,0,,0,2.629313870471508,5464,11.775126056771544,11840348.480000002,2166.9744655929726,212.13021595893923,66.57750732064422,2100.3969582723284
38,2017-03-01,13.85311077915925,15793668.390214657,11.442055889011407,13044870.520000013,0.6845500627999098,425119.27999999997,0.5,562096.5,2.7128003065963053,1277666.5499998082,5.787349061536518,99594.48999998193,0.3,0,,0,2.586405685210097,5303,11.8149410436627,13469989.800000012,2540.0697341127684,240.93278333015428,80.16580803318875,2459.90392607958
39,2017-04-01,14.145737473338086,15059764.300177826,11.698923902067872,12454849.869999988,0.6639336070776104,378682.5,0.5,525484.0,2.7580341653326608,1246088.1099997922,5.950582443652407,100326.81999997959,0.3,0,,0,2.697720668974263,5281,12.054622910629652,12833532.369999988,2430.1329994319235,235.95684718799322,71.70658966104904,2358.4264097708747
40,2017-05-01,14.404716393647766,15031148.70017472,11.903375285580653,12421029.269999985,0.6799065657440551,372865.52,0.5,515172.0,2.8103256119903226,1256055.3599997908,5.975130251633624,107803.29999997385,0.3,0,,0,2.700623150433864,5236,12.260701407203518,12793894.789999984,2443.448202826582,239.88834224594936,71.21190221543164,2372.2363006111505
41,2017-06-01,14.556103333025778,13992796.690141013,12.01251356234936,11547641.300000003,0.6921843295147709,346585.0,0.5,474373.0,2.8324885748676283,1164591.8399996997,5.94529242223973,99012.89999998045,0.3,0,,0,2.74002517421695,5008,12.37305100067513,11894226.300000003,2375.045187699681,232.5462939296525,69.20626996805112,2305.83891773163
42,2017-07-01,14.527526776520267,13082226.720104596,11.96200964339215,10771945.189999996,0.6609450605784017,317170.35,0.5,444139.0,2.7933993880670283,1076400.1399995845,5.959333579698336,96755.7399999822,0.3,0,,0,2.8122754252298914,4911,12.31422038327042,11089115.539999995,2258.015789045,219.18145795145276,64.58365913255956,2193.432129912441
43,2017-08-01,14.55856642474315,12439887.370083129,11.979583813161804,10236218.939999994,0.6819791000213266,313384.4,0.5,421184.5,2.782228710062147,983943.5299996084,5.951557535354966,95528.44999998256,0.3,0,,0,2.8238871256168503,4715,12.346341764270793,10549603.339999994,2237.455639448567,208.6836755036285,66.46540827147402,2170.990231177093
44,2017-09-01,14.905314683912557,12968339.230108753,12.355157313159728,10749579.909999995,0.6734293811479638,306772.0,0.5,428958.0,2.8512510155695745,1021241.1299996013,5.96129585437452,107416.58999997449,0.3,0,,0,2.864349484166276,4647,12.70774935405862,11056351.909999995,2379.2450850010746,219.76353131043712,66.01506348181623,2313.2300215192586
45,2017-10-01,14.64590408513186,13365236.94011976,12.219729606227762,11151212.009999994,0.6792467986178699,319638.6,0.5,450105.33,2.7596890358757697,1048891.569999519,6.4078362499988595,102525.37999998176,0.3,0,,0,2.7928479176117764,4675,12.569996219418377,11470850.609999994,2453.6578844919773,224.36183315497735,68.37189304812834,2385.285991443849
46,2017-11-01,14.427060680021128,12425407.000092957,12.03979741238676,10369359.799999984,0.681148969554045,289991.0,0.5,425064.5,2.692145307711806,953409.7999995975,7.784765437185254,113338.39999998012,0.3,0,,0,2.730335370278602,4551,12.376504109690817,10659350.799999984,2342.1996923752986,209.49457262131344,63.72028125686662,2278.479411118432
47,2017-12-01,14.227585975601043,12698433.490115395,11.915070183143941,10634462.269999996,0.6808881720144614,307735.58,0.5,440525.5,2.680180384309356,940373.4499995492,6.485087181731182,88891.08999998932,0.3,0,,0,2.7116753200482027,4460,12.259863454346219,10942197.849999996,2453.4075896860977,210.84606502232046,68.99900896860987,2384.408580717488
48,2018-01-01,14.066425356517016,10978887.1900376,11.783036849313833,9196695.609999994,0.6970674509681547,268054.5,0.5,385006.0,2.593319141590542,811340.6399997339,5.738012460513029,65390.39000000648,0.3,0,,0,2.6994022828870055,4331,12.126474991127509,9464750.109999994,2185.3498291387655,187.33332717611034,61.8920572616024,2123.4577718771634
49,2018-02-01,14.224988464474455,10796154.570032138,11.935828367087979,9058780.48999999,0.6976730071533234,258067.85,0.5,374613.19999999995,2.5994423708905448,792564.7799997854,5.782280509404069,68560.50000000405,0.3,0,,0,2.7562685501287056,4216,12.27585797350837,9316848.33999999,2209.878638519922,187.98974857679917,61.21153937381404,2148.667099146108
50,2018-03-01,14.99501604061068,12363015.85008249,12.68179037569362,10455819.119999997,0.6958270524832757,282503.0,0.5,407054.0,2.6627631764974105,847490.9499997133,5.7811812762186,104731.87999997615,0.3,0,,0,2.969884726644169,4111,13.024436301889077,10738322.119999997,2612.094896618827,206.15201897341603,68.71880321089759,2543.376093407929
51,2018-04-01,15.561004968184573,12256267.66007631,13.21587564926037,10409180.489999998,0.6949721814910721,267311.32,0.5,389097.0,2.6991222994904747,815456.1299997628,5.76283707999637,120230.06999996425,0.3,0,,0,3.12788610598676,4044,13.555263862208886,10676491.809999999,2640.0820499505435,201.6459272996446,66.10072205736894,2573.9813278931747
52,2018-05-01,16.199746043524154,12701751.080092026,13.835654972572659,10848135.830000017,0.7089951685576245,261208.0,0.5,387407.0,2.7900142156703245,808604.7099997891,5.774255440772981,141417.28999997108,0.3,0,,0,3.2674784171330864,4006,14.168798272095279,11109343.830000017,2773.176193210189,201.84840489260836,65.20419370943584,2707.971999500753
53,2018-06-01,16.345665040630166,11894740.450066572,13.985078686271802,10176941.75999999,0.7002589353188947,239067.0,0.5,359483.5,2.8224414710657406,746733.339999863,5.769053597090346,136484.2699999634,0.3,0,,0,3.340809303284435,3934,14.313602803353017,10416008.75999999,2647.6890594814413,189.8152872394161,60.76944585663447,2586.919613624807
54,2018-07-01,16.154100204254952,10892758.230029726,13.801845550145785,9306625.859999953,0.6968570855759296,225931.52000000002,0.5,333075.5,2.7928869533136007,681380.6299999192,5.778962625668769,128183.16999995896,0.3,0,,0,3.356489323049324,3881,14.136904892904159,9532557.379999952,2456.211641329542,175.56831486728143,58.21476938933265,2397.9968719402095
55,2018-08-01,16.7624828910733,11156890.700020805,14.376908773758604,9569083.579999669,0.7741062663499135,251230.77,0.5,328508.5,2.8239629973444296,654043.9499999566,5.782777141502312,146425.69999998005,0.3,0,,0,3.5229462865111305,3747,14.754366221094564,9820314.349999668,2620.847171070101,174.55136108885952,67.04851080864691,2553.798660261454
56,2018-09-01,17.412301701754522,11704671.090031302,14.951079950074288,10050220.599999586,0.8042223113173026,252743.75,0.5,331984.0,2.884668878418014,697336.9699998923,5.9048876906048555,165354.57000000778,0.3,0,,0,3.6114435434324146,3773,15.327070902266097,10302964.349999586,2730.708812615846,184.82294460638545,66.98747680890538,2663.7213358069403
57,2018-10-01,17.727293309208704,12776308.470053041,15.297613019865654,11025203.869999455,0.8534796890590829,289963.75,0.5,356448.5,2.7888352192022605,706869.3299998818,5.7943774945291615,180019.720000032,0.3,0,,0,3.6700459544286606,3796,15.699941474703495,11315167.619999455,2980.8133877764635,186.21425974707108,76.38665700737619,2904.4267307690875
58,2018-11-01,17.611584004485085,11675758.120029427,15.210809537240573,10084143.079999473,0.8312706190552138,244967.97,0.5,327982.57999999996,2.7584040410947233,645182.4299999325,5.809398668964558,171964.0100000199,0.3,0,,0,3.648426871043363,3732,15.58031650524312,10329111.049999474,2767.714643622581,172.878464630207,65.63986334405145,2702.07478027853
59,2018-12-01,18.003894837762974,12721264.030045914,15.595729877833625,11019693.199999195,0.9278528529429411,309290.47,0.5,349446.08,2.701579303233346,639290.9199999261,5.804494477736464,197608.21000006018,0.3,0,,0,3.7844482184708723,3745,16.033456276959562,11328983.669999195,3025.0957730304926,170.70518558075463,82.58757543391188,2942.508197596581
60,2019-01-01,18.175305026179682,11970837.500002777,15.817793198628255,10418104.769998925,1.0209531822725757,306388.05,0.5,325759.3,2.5123599387468327,538127.4000000616,5.729792571014114,196675.13000005946,0.3,0,2.0,2,3.87919452744473,3677,16.282981725757214,10724492.819998926,2916.6420505844235,146.34957846071842,83.32555072069621,2833.316499863727
61,2019-02-01,18.973919256948005,11437971.849988937,16.2349504998114,9786850.269999307,1.118552700595407,315610.83,0.5,297936.1,2.6511360561918056,509548.35000006505,5.8075405523911074,198705.00000006173,0.3,0,2.0,141054,3.9684713333532393,3593,16.758502619328475,10102461.099999307,2811.706401335738,141.8169635402352,87.84047592541053,2723.8659254103277
62,2019-03-01,18.69367787572542,11775839.360000843,15.975530664176175,10063577.859999146,1.0661791584248053,312084.5,0.5,311060.14999999997,2.703732115495932,543482.6000000683,5.755837038717309,203232.85000006948,0.3,0,2.0,148492,3.9264375643914513,3547,16.470952428574837,10375662.359999146,2925.1937862980394,153.22317451369278,87.98548068790527,2837.208305610134
63,2019-04-01,18.484009231664743,10283412.179953596,15.506407958429522,8626850.510000639,1.2101820028120607,356333.25,0.5,274660.6,2.7561971287005766,542350.6900000559,6.085551850085473,153282.8799999529,0.3,0,2.0,152380,3.5847564533262575,3481,16.146902277561132,8983183.760000639,2580.633082447756,155.80312841139212,102.36519678253376,2478.2678856652224
64,2019-05-01,18.140037265649465,9691695.849955805,15.176053051729033,8108125.040000322,1.163977718987949,310623.75,0.5,263430.8499999999,2.8157778831437783,546353.8300000367,6.091674064678304,134491.9799999676,0.3,0,2.0,147714,3.434978559570013,3356,15.757450413741944,8418748.790000323,2508.5663855781654,162.79911501788936,92.55773241954708,2416.008653158618
65,2019-06-01,17.468165948838713,8647929.979959683,14.553456636261124,7204950.670000522,1.0486524209896646,252440.0,0.5,243800.09999999998,2.8609107508687,513911.1200000464,6.0954476957205355,118111.48999997681,0.3,0,2.0,141688,3.418634652209463,3262,15.063366386032873,7457390.670000522,2286.140610055341,157.54479460455133,77.38810545677498,2208.7525045985662
66,2019-07-01,17.29585641359565,7905296.019967269,14.344101688390777,6556158.150000954,1.1173838657463706,266467.0,0.5,225083.1,2.815344401141811,458718.14000004093,6.1235609783326606,109660.72999998128,0.3,0,2.0,131112,3.4106463879159814,3141,14.927100093424658,6822625.150000954,2172.1187997456077,146.04206940466122,84.83508436803565,2087.283715377572
67,2019-08-01,18.07584863034386,7842243.079971944,14.981408844493409,6499714.190001154,1.2495283394781325,297903.8,0.5,213323.69999999995,2.9104699455735608,437426.17000003275,6.143244220711173,125696.91999997132,0.3,0,2.0,123076,3.600214474060331,3013,15.668057286819362,6797617.990001154,2256.096246266563,145.17961168271913,98.87281778957849,2157.2234284769843
68,2019-09-01,18.53673146087377,8044737.549973147,15.34967282581232,6661589.160001463,1.3134598765172125,311870.54,0.5,213264.15000000002,2.9452536441650765,457851.4600000378,6.085505299705988,133199.53999996468,0.3,0,2.0,124356,3.6332896455901516,3003,16.0682867538151,6973459.700001463,2322.1644022648898,152.46468864470123,103.85299367299366,2218.311408591896
69,2019-10-01,18.985538588135302,8763819.539976196,15.731934446122986,7261939.600002601,1.4889871490369224,399968.75,0.5,227246.5,2.798238762019873,461829.7200000459,6.103433496486913,143400.16999996002,0.3,0,2.0,126550,3.646046771590459,2981,16.59840848778198,7661908.350002601,2570.2476853413623,154.92442804429584,134.17267695404226,2436.07500838732
70,2019-11-01,18.239151672129942,7637918.349979496,15.048273733483562,6301690.350002244,1.4233860643355212,333547.75,0.5,205981.6,2.752135422973958,431812.800000037,6.096477807210881,112766.54999997967,0.3,0,2.0,117934,3.4557190309601755,2940,15.844777142316678,6635238.100002244,2256.8837074837566,146.87510204082892,113.4516156462585,2143.432091837498
71,2019-12-01,18.603478191189684,8131059.419979657,15.435533710697273,6746439.590001878,1.510906475938739,388695.8,0.5,192259.09999999998,2.7595171390689415,420390.3600000407,6.0735331338584295,123821.1199999718,0.3,0,2.0,111290,3.5303286415053057,2893,16.324851260208565,7135135.390001878,2466.344759765599,145.31294849638462,134.35734531628069,2331.9874144493183
72,2020-01-01,18.910820414319215,8115559.669984677,15.787892620049709,6775358.330001713,1.5477185899919592,371494.25,0.5,167714.7,2.690893900396488,395190.06000002904,6.051519266529512,139929.2799999619,0.3,0,2.0,113742,3.7626025925727205,2842,16.653545924612924,7146852.580001713,2514.726453202573,139.0535045742537,130.71578114004222,2384.010672062531
73,2020-02-01,18.56220960263034,7129002.219986208,15.30462839140033,5877895.580001211,1.5463781622170305,353437.10000000003,0.5,155171.5,2.7006571759067612,387565.9100000275,6.036334356683384,108140.92999998282,0.3,0,2.0,108380,3.5117176222465463,2809,16.224893714526925,6231332.68000121,2218.345560698188,137.97291206836152,125.82310430758278,2092.5224563906054
74,2020-03-01,16.721427932618344,3589889.9199979673,14.090789005439653,3025123.309999828,0.9075782354749459,73808.79999999997,0.5,83559.55,2.7202251708334977,198244.57000000364,6.156063800019686,65999.16000001105,0.3,0,2.0,56288,3.6402628931286105,2658,14.434584653077154,3098932.109999828,1165.8886794581747,74.58411211437308,27.76854778028592,1138.1201316778888
75,2020-04-01,19.661452682692623,664006.5799998953,16.508709285798997,557532.1300000037,0.9275144713526288,7851.410000000003,0.5,11278.0,2.865660199067654,45489.48999999994,6.511902390438376,19613.850000000388,0.3,0,2.0,7768,4.8522663745114265,640,16.741192111808708,565383.5400000038,883.4117812500059,71.07732812499991,12.267828125000005,871.1439531250059
76,2020-05-01,21.477673128169794,1176675.7999999104,18.39973606395774,1008047.9399999887,0.9541294511115483,9699.68,0.5,14402.55,2.78452387130254,64389.329999999936,6.843765903308237,43033.600000002196,0.3,0,2.0,10250,5.5618146971854925,788,18.576782754718153,1017747.6199999887,1291.557893401001,81.71234771573596,12.309238578680203,1279.2486548223205
77,2020-06-01,23.150917819636863,1388823.5600000154,19.66528221370073,1179720.279999907,0.9597746292761709,13074.05,0.5,17422.05,2.8131764130028007,97704.43000000027,6.9687761674721695,43276.100000002174,0.3,0,2.0,13816,5.1668933155526116,807,19.88321936989343,1192794.329999907,1478.0598884757212,121.07116480793094,16.20080545229244,1461.8590830234286
78,2020-07-01,24.397615540363535,1662892.680000098,20.882612165848272,1423317.0799998865,0.9394649211997965,14783.419999999998,0.5,19470.5,2.809223842885042,122299.5600000003,6.284855631141646,41574.320000001986,0.3,0,2.0,16436,5.034938671909347,880,21.099511429324313,1438100.4999998864,1634.2051136362345,138.97677272727307,16.79934090909091,1617.4057727271436
79,2020-08-01,24.862410345863438,1910004.950000267,21.31993309295205,1637861.2199998552,0.9391764427064818,15851.42,0.5,21188.5,2.834366940906581,143316.93000000034,6.301684308018548,47628.13000000419,0.3,0,2.0,16618,5.097030576780327,1084,21.52626999726456,1653712.639999855,1525.5651660515268,132.2111900369007,14.623081180811807,1510.942084870715
80,2020-09-01,23.721908738375667,1994205.980000289,20.114125805912973,1690914.09999988,0.975199131064446,17507.75,0.5,22351.5,2.810897739003053,168828.14000000138,6.259795070618057,45208.24000000361,0.3,0,2.0,19328,4.684991435300869,1077,20.322387766753266,1708421.84999988,1586.278412256156,156.75779015784715,16.25603528319406,1570.0223769729619
81,2020-10-01,23.344772375148075,2124491.0100003504,19.71856546343488,1794488.0499998913,1.0121872079742498,19496.75,0.5,24101.0,2.82998382790451,185491.2900000011,6.240869565217904,46363.4200000038,0.3,0,2.0,21734,4.560998077028745,1095,19.932803692103636,1813984.7999998913,1656.607123287572,169.3984383561654,17.80525114155251,1638.8018721460194
82,2020-11-01,23.520577155535094,2004211.9000003007,19.8373181866177,1690357.7199998808,1.019204430417436,17115.5,0.5,22388.0,2.842419856382651,177332.89000000083,6.216740985411962,45170.84000000332,0.3,0,2.0,20514,4.6181700719391,1085,20.038178404195243,1707473.2199998808,1573.7080368662496,163.44045161290398,15.774654377880184,1557.9333824883693
83,2020-12-01,23.478324084078217,1891108.5700002483,19.827330750988537,1597032.0099998736,1.0179417231248875,16978.25,0.5,21640.5,2.803938715903476,164162.20000000083,6.243163626078775,44145.410000003016,0.3,0,2.0,18576,4.625794629222739,1053,20.03811762076643,1614010.2599998736,1532.7732763531562,155.89952516619263,16.12369420702754,1516.6495821461288
84,2021-01-01,23.73488370201786,1751064.7800000696,20.044156636303182,1478777.6999999036,1.9656170257635788,55923.76999999958,0.5,18772.5,2.8013149185019484,112570.8400000008,6.243292664328481,40937.27000000185,0.3,0,2.0,18032,4.7155232053784495,947,20.802177808500097,1534701.469999903,1620.5928933473106,118.87100316789947,59.05361140443462,1561.539281942876
85,2021-02-01,23.674299341102692,1476731.7699999625,19.92830546515436,1243067.9099999336,2.262691889934835,87493.7700000002,0.5,16582.5,3.165547129536008,56353.070000000014,6.192849049707474,33887.2699999993,0.3,0,2.0,15758,4.655487920227043,867,21.330966221522896,1330561.6799999338,1534.6732179930032,64.99777393310266,100.91553633218015,1433.757681660823
86,2021-03-01,23.934346417755687,1935929.610000169,20.27141645546122,1639653.519999981,2.292597524705016,119478.72000000192,0.5,20128.1,3.210701686560688,66439.05000000032,6.072256080514812,43440.92000000297,0.3,0,2.0,18738,4.68983606354703,914,21.74855955986874,1759132.2399999828,1924.6523413566551,72.6904266958428,130.7207002188205,1793.9316411378347
87,2021-04-01,24.34937047521782,2021362.9900002074,20.61648184063073,1711477.23999996,2.2883863034431076,120964.10000000267,0.5,20822.5,3.3086532644609035,71099.65000000036,6.319501603421005,47295.1500000028,0.3,0,2.0,20250,4.748061314220312,912,22.07361729807821,1832441.3399999626,2009.255855263117,77.96014254386004,132.63607456140645,1876.6197807017104
88,2021-05-01,23.90386045622799,2000442.3700003517,20.133298361752036,1684895.3399999426,2.226131487329003,109979.80000000205,0.5,22971.05,3.239321884984043,81112.62000000043,6.395518620690011,46367.510000002585,0.3,0,2.0,24138,4.6702100684694,940,21.44747858090199,1794875.1399999447,1909.4416382978136,86.2900212765962,116.99978723404475,1792.4418510637688
89,2021-06-01,23.735248887927224,1963569.6700004432,19.932439198335977,1648970.8299999388,2.0732582470375047,97101.05000000153,0.5,25084.05,3.262050942285066,88623.40000000066,6.4018473389359025,45709.190000002345,0.3,0,2.0,26314,4.66285961222326,951,21.106177835798523,1746071.8799999403,1836.037728706562,93.18969505783456,102.1041535226094,1733.9335751839526
90,2021-07-01,24.393534070124783,1946750.3800003785,20.50336014835821,1636291.1599998754,2.0814690857847724,94532.00000000122,0.5,23569.5,3.3326714606046797,86202.88000000064,6.416307927997469,50258.94000000417,0.3,0,2.0,23852,4.947537653810484,946,21.68788261534066,1730823.1599998765,1829.622790697544,91.12355179704085,99.92811839323596,1729.694672304308
91,2021-08-01,24.69653638410042,1975228.9800003516,20.695209052261752,1655202.8199998948,2.05858697103193,92525.25000000112,0.5,23237.0,3.462632452162422,93916.98000000136,6.514820348191744,52763.53000000494,0.3,0,2.0,24204,5.040367216804172,907,21.852063890971444,1747728.069999896,1926.9328224916162,103.54683572216247,102.0124035281159,1824.9204189635004
92,2021-09-01,25.394882383184544,2322133.440000778,21.225529357726444,1940883.629999864,1.9574615588818176,95858.85000000149,0.5,27857.5,3.7637739776952595,126556.9000000031,6.569184907234588,63024.76000000863,0.3,0,2.0,29024,5.093878129066873,1175,22.273843024462387,2036742.4799998654,1733.3978553190343,107.70800000000263,81.58200000000127,1651.815855319033
93,2021-10-01,24.003050700463632,2546099.6000009794,20.06997266059449,2128902.2799999,1.9251376980802888,108002.15000000228,0.5,34150.0,3.3818692191336526,136380.6400000028,6.603874671916854,60385.830000007714,0.3,0,2.0,34412,4.684452363444389,1260,21.08815006504801,2236904.4299999024,1775.3209761903988,108.2386031746054,85.71599206349387,1689.6049841269048
94,2021-11-01,23.830288794440037,2477968.750001053,19.8947856400967,2068739.3899998153,1.8720890410959257,101130.2500000019,0.5,34496.5,3.3637793016244286,138332.060000003,6.615250028220641,58604.50000000666,0.3,0,2.0,34478,4.698311567164133,1268,20.86734151407733,2169869.639999817,1711.2536593058494,109.0946845425891,79.75571766561664,1631.497941640233
95,2021-12-01,22.968048135066038,2195883.2100011236,19.092544819360782,1825361.8399998068,1.681225881142281,78419.10000000056,0.5,34457.05,3.3547870472560013,133748.65000000226,6.7770961227791515,50340.27000000354,0.3,0,2.0,34220,4.545512206346967,1250,19.91277681316871,1903780.9399998074,1523.0247519998459,106.99892000000182,62.735280000000444,1460.2894719998455
96,2022-01-01,17.01750055388623,998535.8800003822,13.371223307257164,784583.2699999287,1.0355786335881534,21539.0,0.5,25471.5,3.0677428806886162,100508.46000000113,6.814101694915249,10050.799999999992,0.3,0,2.0,28788,3.0048388636092453,1122,13.7383006970351,806122.2699999287,718.4690463457474,89.57973262032186,19.196969696969695,699.2720766487778
97,2022-02-01,17.358804189931423,1135179.0000005653,13.577814970563189,887921.2099999797,1.016868871530663,24474.0,0.5,28159.149999999998,3.181434434911637,120143.69000000306,6.6008279124777385,11161.999999999856,0.3,0,2.0,32292,3.0205980579554934,1077,13.952063766342683,912395.2099999797,847.1636118848465,111.55402971216625,22.724233983286908,824.4393779015596
98,2022-03-01,17.898911593174976,1322675.870000851,13.969966304451312,1032338.6000000386,1.001918181175306,28336.25,0.5,32023.1,3.2953510923903737,142385.53000000326,6.6949313304718645,15599.189999999444,0.3,0,2.0,36318,3.1552103603664494,1079,14.353422331082974,1060674.8500000387,983.0165430954946,131.96063948100394,26.261584800741428,956.7549582947531
99,2022-04-01,18.417627219932474,1325369.2900007807,14.331753286456996,1031341.6300000184,1.0126688179753796,25419.0,0.5,30649.55,3.414131321276418,148190.37000000293,6.731359504131973,16289.889999999374,0.3,0,2.0,36874,3.2591242600261134,1013,14.684981379061426,1056760.6300000185,1043.1990424481921,146.28861796643923,25.09279368213228,1018.1062487660596
100,2022-05-01,19.3263173134311,1394992.9100007704,15.100710020642468,1089984.349999994,1.0020173136433077,25580.5,0.5,29859.5,3.561226902173917,157263.78000000017,6.964437158469626,19117.379999999124,0.3,0,2.0,35560,3.4189806181682547,1017,15.455103836189496,1115564.849999994,1096.9172566371624,154.63498525073763,25.152900688298917,1071.7643559488633
101,2022-06-01,19.56003452345508,1342776.8100006678,15.30334644350248,1050559.4300000018,1.0012731757778308,25166.0,0.5,28699.55,3.579202323100635,150988.65000000029,6.7877415644168995,17702.429999999273,0.3,0,2.0,34520,3.4347501056096523,985,15.669935905839878,1075725.4300000018,1092.1070355329969,153.2879695431475,25.549238578680203,1066.5577969543165
102,2022-07-01,19.18210853286684,1142448.0200004834,14.999828402565635,893359.7800000041,1.0056303275011216,22415.5,0.5,25456.6,3.503817051410756,125674.910000001,6.877020295202735,14909.37999999953,0.3,0,2.0,30920,3.4470245810806506,940,15.376192618959738,915775.2800000041,974.2290212766001,133.6967127659585,23.84627659574468,950.3827446808555
103,2022-08-01,19.39446199424779,1184924.050000563,15.200737364148411,928704.2500000113,1.0188753066576433,24088.25,0.5,26451.1,3.448030884876288,126601.35000000267,6.839564850020863,16189.249999999382,0.3,0,2.0,33004,3.454444480817088,920,15.59500621971997,952792.5000000113,1035.6440217391428,137.61016304348115,26.182880434782607,1009.4611413043601
104,2022-09-01,20.3456799392062,1311665.6400006844,15.999826738432546,1031492.8300000078,1.003178358362477,24382.25,0.5,27288.5,3.619397111733046,144862.75000000343,6.756543846720416,18337.25999999921,0.3,0,2.0,33294,3.4967660425940976,921,16.378027889373307,1055875.0800000078,1146.444169381116,157.28854505972143,26.473669923995658,1119.9704994571202
105,2022-10-01,19.072726323877895,1242588.1200006448,14.89548948580204,970441.1400000029,1.0147102337574503,24005.0,0.5,27982.6,3.3987906533841827,139200.8700000026,6.897877947295196,14920.10999999951,0.3,0,2.0,34358,3.2769645433615207,926,15.263946891788226,994446.1400000029,1073.9159179265691,150.32491360691424,25.92332613390929,1047.9925917926598
106,2022-11-01,18.53466365044218,1089708.480000447,14.453068902760688,849739.2800000091,0.9665003481086099,20823.25,0.5,25409.5,3.2542434281405517,120823.5500000024,6.747980613893233,12530.999999999734,0.3,0,2.0,30986,3.196602486690577,922,14.807247971697466,870562.5300000091,944.2109869848255,131.04506507592453,22.58486984815618,921.6261171366693
107,2022-12-01,20.58747327673481,1404045.090000037,16.018003489787397,1092411.8200000105,1.4712073220139221,39944.75,0.5,33166.5,3.507117621295645,144135.52000000843,6.766863613983074,13743.499999999623,0.3,22649,2.0,33946,3.1442318802328395,922,16.603712224519576,1132356.5700000105,1228.152462039057,156.32919739697226,43.32402386117137,1184.8284381778856
